dock_id, dock_name, lat, long, date, count
83,"Atlantic Ave & Fort Greene Pl",40.683826,-73.976323,2016-09-04 20:00,1
83,"Atlantic Ave & Fort Greene Pl",40.683826,-73.976323,2016-09-07 21:00,1
116,"W 17 St & 8 Ave",40.741776,-74.001497,2016-09-03 19:00,1
116,"W 17 St & 8 Ave",40.741776,-74.001497,2016-09-03 20:00,1
116,"W 17 St & 8 Ave",40.741776,-74.001497,2016-09-07 14:00,1
137,"E 56 St & Madison Ave",40.761628,-73.972924,2016-09-02 10:00,1
137,"E 56 St & Madison Ave",40.761628,-73.972924,2016-09-03 15:00,1
137,"E 56 St & Madison Ave",40.761628,-73.972924,2016-09-04 10:00,1
137,"E 56 St & Madison Ave",40.761628,-73.972924,2016-09-04 11:00,1
137,"E 56 St & Madison Ave",40.761628,-73.972924,2016-09-04 15:00,1
137,"E 56 St & Madison Ave",40.761628,-73.972924,2016-09-07 9:00,1
143,"Clinton St & Joralemon St",40.692395,-73.993379,2016-09-07 7:00,1
144,"Nassau St & Navy St",40.698399,-73.980689,2016-09-07 10:00,1
146,"Hudson St & Reade St",40.71625,-74.009106,2016-09-06 10:00,1
150,"E 2 St & Avenue C",40.720874,-73.980858,2016-09-04 16:00,1
150,"E 2 St & Avenue C",40.720874,-73.980858,2016-09-05 13:00,1
151,"Cleveland Pl & Spring St",40.722104,-73.997249,2016-09-02 9:00,1
151,"Cleveland Pl & Spring St",40.722104,-73.997249,2016-09-02 10:00,1
151,"Cleveland Pl & Spring St",40.722104,-73.997249,2016-09-04 13:00,1
151,"Cleveland Pl & Spring St",40.722104,-73.997249,2016-09-04 14:00,1
151,"Cleveland Pl & Spring St",40.722104,-73.997249,2016-09-06 9:00,2
151,"Cleveland Pl & Spring St",40.722104,-73.997249,2016-09-06 10:00,2
151,"Cleveland Pl & Spring St",40.722104,-73.997249,2016-09-07 9:00,1
151,"Cleveland Pl & Spring St",40.722104,-73.997249,2016-09-07 10:00,1
151,"Cleveland Pl & Spring St",40.722104,-73.997249,2016-09-07 11:00,1
151,"Cleveland Pl & Spring St",40.722104,-73.997249,2016-09-07 17:00,1
152,"Warren St & Church St",40.71474,-74.009106,2016-09-05 10:00,1
152,"Warren St & Church St",40.71474,-74.009106,2016-09-06 11:00,1
153,"E 40 St & 5 Ave",40.752062,-73.981632,2016-09-02 20:00,1
153,"E 40 St & 5 Ave",40.752062,-73.981632,2016-09-04 15:00,1
157,"Henry St & Atlantic Ave",40.690893,-73.996123,2016-09-01 18:00,1
157,"Henry St & Atlantic Ave",40.690893,-73.996123,2016-09-02 20:00,1
161,"LaGuardia Pl & W 3 St",40.72917,-73.998102,2016-09-01 15:00,1
161,"LaGuardia Pl & W 3 St",40.72917,-73.998102,2016-09-05 17:00,1
164,"E 47 St & 2 Ave",40.753231,-73.970325,2016-09-01 20:00,1
164,"E 47 St & 2 Ave",40.753231,-73.970325,2016-09-02 17:00,2
164,"E 47 St & 2 Ave",40.753231,-73.970325,2016-09-02 20:00,1
164,"E 47 St & 2 Ave",40.753231,-73.970325,2016-09-07 20:00,1
168,"W 18 St & 6 Ave",40.739713,-73.994564,2016-09-02 15:00,1
168,"W 18 St & 6 Ave",40.739713,-73.994564,2016-09-03 19:00,1
168,"W 18 St & 6 Ave",40.739713,-73.994564,2016-09-03 20:00,1
168,"W 18 St & 6 Ave",40.739713,-73.994564,2016-09-05 13:00,2
168,"W 18 St & 6 Ave",40.739713,-73.994564,2016-09-05 20:00,1
168,"W 18 St & 6 Ave",40.739713,-73.994564,2016-09-06 13:00,1
173,"Broadway & W 49 St",40.760683,-73.984527,2016-09-04 12:00,1
174,"E 25 St & 1 Ave",40.738177,-73.977387,2016-09-06 21:00,1
195,"Liberty St & Broadway",40.709056,-74.010434,2016-09-03 14:00,1
195,"Liberty St & Broadway",40.709056,-74.010434,2016-09-07 18:00,1
212,"W 16 St & The High Line",40.743349,-74.006818,2016-09-05 0:00,1
212,"W 16 St & The High Line",40.743349,-74.006818,2016-09-05 11:00,1
217,"Old Fulton St",40.702772,-73.993836,2016-09-02 0:00,1
217,"Old Fulton St",40.702772,-73.993836,2016-09-04 13:00,1
217,"Old Fulton St",40.702772,-73.993836,2016-09-04 15:00,1
217,"Old Fulton St",40.702772,-73.993836,2016-09-04 17:00,2
217,"Old Fulton St",40.702772,-73.993836,2016-09-04 21:00,1
217,"Old Fulton St",40.702772,-73.993836,2016-09-05 16:00,1
217,"Old Fulton St",40.702772,-73.993836,2016-09-06 15:00,1
217,"Old Fulton St",40.702772,-73.993836,2016-09-07 12:00,1
225,"W 14 St & The High Line",40.741951,-74.00803,2016-09-02 12:00,1
225,"W 14 St & The High Line",40.741951,-74.00803,2016-09-02 21:00,1
225,"W 14 St & The High Line",40.741951,-74.00803,2016-09-03 5:00,1
225,"W 14 St & The High Line",40.741951,-74.00803,2016-09-04 15:00,1
225,"W 14 St & The High Line",40.741951,-74.00803,2016-09-05 16:00,1
225,"W 14 St & The High Line",40.741951,-74.00803,2016-09-06 16:00,2
225,"W 14 St & The High Line",40.741951,-74.00803,2016-09-07 11:00,1
229,"Great Jones St",40.727434,-73.99379,2016-09-06 21:00,1
229,"Great Jones St",40.727434,-73.99379,2016-09-07 10:00,1
236,"St Marks Pl & 2 Ave",40.728419,-73.98714,2016-09-01 21:00,1
236,"St Marks Pl & 2 Ave",40.728419,-73.98714,2016-09-02 9:00,1
236,"St Marks Pl & 2 Ave",40.728419,-73.98714,2016-09-02 16:00,1
236,"St Marks Pl & 2 Ave",40.728419,-73.98714,2016-09-02 17:00,1
236,"St Marks Pl & 2 Ave",40.728419,-73.98714,2016-09-07 13:00,1
236,"St Marks Pl & 2 Ave",40.728419,-73.98714,2016-09-07 19:00,1
237,"E 11 St & 2 Ave",40.730473,-73.986724,2016-09-07 18:00,1
237,"E 11 St & 2 Ave",40.730473,-73.986724,2016-09-07 20:00,1
238,"Bank St & Washington St",40.736197,-74.008592,2016-09-05 14:00,1
239,"Willoughby St & Fleet St",40.691966,-73.981302,2016-09-05 18:00,1
241,"DeKalb Ave & S Portland Ave",40.68981,-73.974931,2016-09-01 16:00,1
243,"Fulton St & Rockwell Pl",40.688226,-73.979382,2016-09-07 16:00,1
251,"Mott St & Prince St",40.72318,-73.9948,2016-09-02 9:00,1
251,"Mott St & Prince St",40.72318,-73.9948,2016-09-02 10:00,1
251,"Mott St & Prince St",40.72318,-73.9948,2016-09-02 15:00,1
251,"Mott St & Prince St",40.72318,-73.9948,2016-09-04 16:00,1
251,"Mott St & Prince St",40.72318,-73.9948,2016-09-07 11:00,1
253,"W 13 St & 5 Ave",40.735439,-73.994539,2016-09-07 21:00,1
258,"DeKalb Ave & Vanderbilt Ave",40.689407,-73.968855,2016-09-04 11:00,1
258,"DeKalb Ave & Vanderbilt Ave",40.689407,-73.968855,2016-09-04 19:00,1
259,"South St & Whitehall St",40.701221,-74.012342,2016-09-03 13:00,1
259,"South St & Whitehall St",40.701221,-74.012342,2016-09-06 9:00,1
259,"South St & Whitehall St",40.701221,-74.012342,2016-09-06 15:00,1
260,"Broad St & Bridge St",40.703652,-74.011678,2016-09-02 8:00,1
260,"Broad St & Bridge St",40.703652,-74.011678,2016-09-06 10:00,1
260,"Broad St & Bridge St",40.703652,-74.011678,2016-09-06 17:00,2
260,"Broad St & Bridge St",40.703652,-74.011678,2016-09-07 9:00,1
263,"Grand St & Elizabeth St",40.718822,-73.995906,2016-09-03 14:00,1
264,"Maiden Ln & Pearl St",40.707065,-74.007319,2016-09-07 20:00,1
265,"Stanton St & Chrystie St",40.722293,-73.991475,2016-09-03 14:00,1
265,"Stanton St & Chrystie St",40.722293,-73.991475,2016-09-05 11:00,1
267,"Broadway & W 36 St",40.750977,-73.987654,2016-09-06 9:00,1
270,"Adelphi St & Myrtle Ave",40.693083,-73.971789,2016-09-05 11:00,1
274,"Lafayette Ave & Fort Greene Pl",40.686919,-73.976682,2016-09-03 18:00,1
274,"Lafayette Ave & Fort Greene Pl",40.686919,-73.976682,2016-09-03 20:00,1
274,"Lafayette Ave & Fort Greene Pl",40.686919,-73.976682,2016-09-06 20:00,1
274,"Lafayette Ave & Fort Greene Pl",40.686919,-73.976682,2016-09-07 18:00,1
275,"Washington Ave & Greene Ave",40.686501,-73.965633,2016-09-02 17:00,1
278,"Concord St & Bridge St",40.697666,-73.984764,2016-09-02 13:00,1
279,"Peck Slip & Front St",40.707873,-74.00167,2016-09-04 17:00,1
281,"Grand Army Plaza & Central Park S",40.764397,-73.973715,2016-09-02 19:00,1
281,"Grand Army Plaza & Central Park S",40.764397,-73.973715,2016-09-03 0:00,1
281,"Grand Army Plaza & Central Park S",40.764397,-73.973715,2016-09-03 10:00,1
281,"Grand Army Plaza & Central Park S",40.764397,-73.973715,2016-09-03 12:00,1
281,"Grand Army Plaza & Central Park S",40.764397,-73.973715,2016-09-03 13:00,1
281,"Grand Army Plaza & Central Park S",40.764397,-73.973715,2016-09-03 14:00,1
281,"Grand Army Plaza & Central Park S",40.764397,-73.973715,2016-09-04 12:00,1
281,"Grand Army Plaza & Central Park S",40.764397,-73.973715,2016-09-04 13:00,1
281,"Grand Army Plaza & Central Park S",40.764397,-73.973715,2016-09-04 14:00,1
281,"Grand Army Plaza & Central Park S",40.764397,-73.973715,2016-09-04 15:00,1
281,"Grand Army Plaza & Central Park S",40.764397,-73.973715,2016-09-04 17:00,2
281,"Grand Army Plaza & Central Park S",40.764397,-73.973715,2016-09-05 8:00,1
281,"Grand Army Plaza & Central Park S",40.764397,-73.973715,2016-09-05 10:00,1
281,"Grand Army Plaza & Central Park S",40.764397,-73.973715,2016-09-06 9:00,1
282,"Kent Ave & S 11 St",40.707645,-73.968415,2016-09-02 16:00,1
282,"Kent Ave & S 11 St",40.707645,-73.968415,2016-09-06 17:00,1
282,"Kent Ave & S 11 St",40.707645,-73.968415,2016-09-07 16:00,1
284,"Greenwich Ave & 8 Ave",40.739017,-74.002638,2016-09-01 16:00,1
284,"Greenwich Ave & 8 Ave",40.739017,-74.002638,2016-09-02 13:00,1
284,"Greenwich Ave & 8 Ave",40.739017,-74.002638,2016-09-07 19:00,1
285,"Broadway & E 14 St",40.734546,-73.990741,2016-09-02 21:00,1
285,"Broadway & E 14 St",40.734546,-73.990741,2016-09-03 16:00,1
285,"Broadway & E 14 St",40.734546,-73.990741,2016-09-03 17:00,1
289,"Monroe St & Classon Ave",40.684568,-73.958811,2016-09-04 15:00,1
295,"Pike St & E Broadway",40.714067,-73.992939,2016-09-03 15:00,1
296,"Division St & Bowery",40.714131,-73.997047,2016-09-01 21:00,1
296,"Division St & Bowery",40.714131,-73.997047,2016-09-01 22:00,1
301,"E 2 St & Avenue B",40.722174,-73.983688,2016-09-03 12:00,2
302,"Avenue D & E 3 St",40.720828,-73.977932,2016-09-02 10:00,1
303,"Mercer St & Spring St",40.723627,-73.999496,2016-09-05 11:00,1
304,"Broadway & Battery Pl",40.704633,-74.013617,2016-09-01 16:00,1
304,"Broadway & Battery Pl",40.704633,-74.013617,2016-09-02 7:00,1
304,"Broadway & Battery Pl",40.704633,-74.013617,2016-09-02 8:00,1
304,"Broadway & Battery Pl",40.704633,-74.013617,2016-09-02 9:00,1
304,"Broadway & Battery Pl",40.704633,-74.013617,2016-09-02 12:00,1
304,"Broadway & Battery Pl",40.704633,-74.013617,2016-09-02 13:00,2
304,"Broadway & Battery Pl",40.704633,-74.013617,2016-09-02 14:00,2
304,"Broadway & Battery Pl",40.704633,-74.013617,2016-09-02 15:00,2
304,"Broadway & Battery Pl",40.704633,-74.013617,2016-09-02 16:00,1
304,"Broadway & Battery Pl",40.704633,-74.013617,2016-09-03 16:00,1
304,"Broadway & Battery Pl",40.704633,-74.013617,2016-09-06 7:00,1
304,"Broadway & Battery Pl",40.704633,-74.013617,2016-09-06 8:00,2
304,"Broadway & Battery Pl",40.704633,-74.013617,2016-09-06 9:00,2
304,"Broadway & Battery Pl",40.704633,-74.013617,2016-09-06 11:00,1
304,"Broadway & Battery Pl",40.704633,-74.013617,2016-09-06 12:00,1
304,"Broadway & Battery Pl",40.704633,-74.013617,2016-09-06 15:00,1
304,"Broadway & Battery Pl",40.704633,-74.013617,2016-09-06 16:00,2
304,"Broadway & Battery Pl",40.704633,-74.013617,2016-09-06 17:00,2
304,"Broadway & Battery Pl",40.704633,-74.013617,2016-09-07 7:00,1
304,"Broadway & Battery Pl",40.704633,-74.013617,2016-09-07 8:00,2
304,"Broadway & Battery Pl",40.704633,-74.013617,2016-09-07 9:00,1
304,"Broadway & Battery Pl",40.704633,-74.013617,2016-09-07 10:00,1
304,"Broadway & Battery Pl",40.704633,-74.013617,2016-09-07 12:00,2
304,"Broadway & Battery Pl",40.704633,-74.013617,2016-09-07 14:00,1
304,"Broadway & Battery Pl",40.704633,-74.013617,2016-09-07 16:00,1
304,"Broadway & Battery Pl",40.704633,-74.013617,2016-09-07 17:00,1
304,"Broadway & Battery Pl",40.704633,-74.013617,2016-09-07 18:00,1
305,"E 58 St & 3 Ave",40.760958,-73.967245,2016-09-02 19:00,1
305,"E 58 St & 3 Ave",40.760958,-73.967245,2016-09-02 20:00,1
307,"Canal St & Rutgers St",40.714275,-73.9899,2016-09-02 22:00,1
307,"Canal St & Rutgers St",40.714275,-73.9899,2016-09-06 16:00,1
310,"State St & Smith St",40.689269,-73.989129,2016-09-04 9:00,1
312,"Allen St & Stanton St",40.722055,-73.989111,2016-09-01 15:00,1
312,"Allen St & Stanton St",40.722055,-73.989111,2016-09-06 20:00,1
313,"Washington Ave & Park Ave",40.696102,-73.96751,2016-09-07 20:00,1
315,"South St & Gouverneur Ln",40.703554,-74.006702,2016-09-03 9:00,1
315,"South St & Gouverneur Ln",40.703554,-74.006702,2016-09-06 9:00,1
317,"E 6 St & Avenue B",40.724537,-73.981854,2016-09-02 19:00,1
317,"E 6 St & Avenue B",40.724537,-73.981854,2016-09-07 18:00,1
321,"Cadman Plaza E & Red Cross Pl",40.699918,-73.989718,2016-09-05 12:00,1
322,"Clinton St & Tillary St",40.696192,-73.991218,2016-09-02 14:00,1
322,"Clinton St & Tillary St",40.696192,-73.991218,2016-09-02 19:00,1
322,"Clinton St & Tillary St",40.696192,-73.991218,2016-09-06 16:00,1
323,"Lawrence St & Willoughby St",40.692362,-73.986317,2016-09-01 21:00,1
323,"Lawrence St & Willoughby St",40.692362,-73.986317,2016-09-02 15:00,1
323,"Lawrence St & Willoughby St",40.692362,-73.986317,2016-09-02 16:00,1
323,"Lawrence St & Willoughby St",40.692362,-73.986317,2016-09-06 12:00,1
323,"Lawrence St & Willoughby St",40.692362,-73.986317,2016-09-07 18:00,1
324,"DeKalb Ave & Hudson Ave",40.689888,-73.981013,2016-09-02 12:00,1
324,"DeKalb Ave & Hudson Ave",40.689888,-73.981013,2016-09-02 18:00,1
324,"DeKalb Ave & Hudson Ave",40.689888,-73.981013,2016-09-07 9:00,1
324,"DeKalb Ave & Hudson Ave",40.689888,-73.981013,2016-09-07 10:00,1
324,"DeKalb Ave & Hudson Ave",40.689888,-73.981013,2016-09-07 16:00,1
326,"E 11 St & 1 Ave",40.729538,-73.984267,2016-09-07 8:00,1
327,"Vesey Pl & River Terrace",40.715338,-74.016584,2016-09-01 16:00,1
327,"Vesey Pl & River Terrace",40.715338,-74.016584,2016-09-02 14:00,1
327,"Vesey Pl & River Terrace",40.715338,-74.016584,2016-09-02 15:00,1
327,"Vesey Pl & River Terrace",40.715338,-74.016584,2016-09-02 16:00,1
327,"Vesey Pl & River Terrace",40.715338,-74.016584,2016-09-02 17:00,1
327,"Vesey Pl & River Terrace",40.715338,-74.016584,2016-09-05 10:00,1
327,"Vesey Pl & River Terrace",40.715338,-74.016584,2016-09-05 23:00,1
331,"Pike St & Monroe St",40.711731,-73.99193,2016-09-04 10:00,1
334,"W 20 St & 7 Ave",40.742388,-73.997262,2016-09-06 14:00,1
336,"Sullivan St & Washington Sq",40.730477,-73.999061,2016-09-02 14:00,2
336,"Sullivan St & Washington Sq",40.730477,-73.999061,2016-09-02 15:00,1
337,"Old Slip & Front St",40.703799,-74.008387,2016-09-02 8:00,1
337,"Old Slip & Front St",40.703799,-74.008387,2016-09-06 9:00,1
337,"Old Slip & Front St",40.703799,-74.008387,2016-09-06 13:00,1
337,"Old Slip & Front St",40.703799,-74.008387,2016-09-07 8:00,1
343,"Clinton Ave & Flushing Ave",40.69794,-73.969868,2016-09-04 10:00,1
343,"Clinton Ave & Flushing Ave",40.69794,-73.969868,2016-09-04 11:00,1
343,"Clinton Ave & Flushing Ave",40.69794,-73.969868,2016-09-07 20:00,1
345,"W 13 St & 6 Ave",40.736494,-73.997044,2016-09-03 0:00,1
346,"Bank St & Hudson St",40.736529,-74.00618,2016-09-05 11:00,1
346,"Bank St & Hudson St",40.736529,-74.00618,2016-09-05 12:00,1
347,"Greenwich St & W Houston St",40.728846,-74.008591,2016-09-05 20:00,1
347,"Greenwich St & W Houston St",40.728846,-74.008591,2016-09-07 8:00,1
348,"W Broadway & Spring St",40.72491,-74.001547,2016-09-07 11:00,1
349,"Rivington St & Ridge St",40.718502,-73.983299,2016-09-01 16:00,1
349,"Rivington St & Ridge St",40.718502,-73.983299,2016-09-01 19:00,1
349,"Rivington St & Ridge St",40.718502,-73.983299,2016-09-01 22:00,1
349,"Rivington St & Ridge St",40.718502,-73.983299,2016-09-02 7:00,1
349,"Rivington St & Ridge St",40.718502,-73.983299,2016-09-02 8:00,1
349,"Rivington St & Ridge St",40.718502,-73.983299,2016-09-06 7:00,1
349,"Rivington St & Ridge St",40.718502,-73.983299,2016-09-06 19:00,1
349,"Rivington St & Ridge St",40.718502,-73.983299,2016-09-06 20:00,1
349,"Rivington St & Ridge St",40.718502,-73.983299,2016-09-07 7:00,1
349,"Rivington St & Ridge St",40.718502,-73.983299,2016-09-07 20:00,1
351,"Front St & Maiden Ln",40.70531,-74.006126,2016-09-04 16:00,1
354,"Emerson Pl & Myrtle Ave",40.693631,-73.962236,2016-09-02 21:00,1
354,"Emerson Pl & Myrtle Ave",40.693631,-73.962236,2016-09-03 19:00,1
354,"Emerson Pl & Myrtle Ave",40.693631,-73.962236,2016-09-06 21:00,1
354,"Emerson Pl & Myrtle Ave",40.693631,-73.962236,2016-09-07 8:00,1
356,"Bialystoker Pl & Delancey St",40.716226,-73.982612,2016-09-01 19:00,1
356,"Bialystoker Pl & Delancey St",40.716226,-73.982612,2016-09-01 20:00,1
356,"Bialystoker Pl & Delancey St",40.716226,-73.982612,2016-09-01 21:00,1
356,"Bialystoker Pl & Delancey St",40.716226,-73.982612,2016-09-01 22:00,1
356,"Bialystoker Pl & Delancey St",40.716226,-73.982612,2016-09-02 8:00,1
356,"Bialystoker Pl & Delancey St",40.716226,-73.982612,2016-09-02 18:00,1
356,"Bialystoker Pl & Delancey St",40.716226,-73.982612,2016-09-02 19:00,1
356,"Bialystoker Pl & Delancey St",40.716226,-73.982612,2016-09-02 20:00,1
356,"Bialystoker Pl & Delancey St",40.716226,-73.982612,2016-09-06 18:00,1
356,"Bialystoker Pl & Delancey St",40.716226,-73.982612,2016-09-06 19:00,1
356,"Bialystoker Pl & Delancey St",40.716226,-73.982612,2016-09-07 8:00,2
356,"Bialystoker Pl & Delancey St",40.716226,-73.982612,2016-09-07 9:00,1
356,"Bialystoker Pl & Delancey St",40.716226,-73.982612,2016-09-07 18:00,1
356,"Bialystoker Pl & Delancey St",40.716226,-73.982612,2016-09-07 19:00,1
356,"Bialystoker Pl & Delancey St",40.716226,-73.982612,2016-09-07 21:00,1
356,"Bialystoker Pl & Delancey St",40.716226,-73.982612,2016-09-07 22:00,1
358,"Christopher St & Greenwich St",40.732916,-74.007114,2016-09-04 11:00,2
358,"Christopher St & Greenwich St",40.732916,-74.007114,2016-09-05 8:00,1
358,"Christopher St & Greenwich St",40.732916,-74.007114,2016-09-05 9:00,1
358,"Christopher St & Greenwich St",40.732916,-74.007114,2016-09-06 14:00,1
358,"Christopher St & Greenwich St",40.732916,-74.007114,2016-09-06 15:00,1
358,"Christopher St & Greenwich St",40.732916,-74.007114,2016-09-07 16:00,1
359,"E 47 St & Park Ave",40.755103,-73.974987,2016-09-01 15:00,1
359,"E 47 St & Park Ave",40.755103,-73.974987,2016-09-01 16:00,1
359,"E 47 St & Park Ave",40.755103,-73.974987,2016-09-02 7:00,1
359,"E 47 St & Park Ave",40.755103,-73.974987,2016-09-02 8:00,2
359,"E 47 St & Park Ave",40.755103,-73.974987,2016-09-02 9:00,1
359,"E 47 St & Park Ave",40.755103,-73.974987,2016-09-02 11:00,1
359,"E 47 St & Park Ave",40.755103,-73.974987,2016-09-02 12:00,2
359,"E 47 St & Park Ave",40.755103,-73.974987,2016-09-02 13:00,1
359,"E 47 St & Park Ave",40.755103,-73.974987,2016-09-02 14:00,2
359,"E 47 St & Park Ave",40.755103,-73.974987,2016-09-02 15:00,1
359,"E 47 St & Park Ave",40.755103,-73.974987,2016-09-02 17:00,2
359,"E 47 St & Park Ave",40.755103,-73.974987,2016-09-06 7:00,1
359,"E 47 St & Park Ave",40.755103,-73.974987,2016-09-06 8:00,2
359,"E 47 St & Park Ave",40.755103,-73.974987,2016-09-06 9:00,2
359,"E 47 St & Park Ave",40.755103,-73.974987,2016-09-06 10:00,1
359,"E 47 St & Park Ave",40.755103,-73.974987,2016-09-06 16:00,1
359,"E 47 St & Park Ave",40.755103,-73.974987,2016-09-06 17:00,2
359,"E 47 St & Park Ave",40.755103,-73.974987,2016-09-06 18:00,1
359,"E 47 St & Park Ave",40.755103,-73.974987,2016-09-07 7:00,2
359,"E 47 St & Park Ave",40.755103,-73.974987,2016-09-07 8:00,2
359,"E 47 St & Park Ave",40.755103,-73.974987,2016-09-07 9:00,1
359,"E 47 St & Park Ave",40.755103,-73.974987,2016-09-07 10:00,1
359,"E 47 St & Park Ave",40.755103,-73.974987,2016-09-07 14:00,1
359,"E 47 St & Park Ave",40.755103,-73.974987,2016-09-07 15:00,1
359,"E 47 St & Park Ave",40.755103,-73.974987,2016-09-07 16:00,1
359,"E 47 St & Park Ave",40.755103,-73.974987,2016-09-07 17:00,1
359,"E 47 St & Park Ave",40.755103,-73.974987,2016-09-07 18:00,1
362,"Broadway & W 37 St",40.751726,-73.987535,2016-09-06 1:00,1
362,"Broadway & W 37 St",40.751726,-73.987535,2016-09-07 7:00,1
362,"Broadway & W 37 St",40.751726,-73.987535,2016-09-07 8:00,1
362,"Broadway & W 37 St",40.751726,-73.987535,2016-09-07 9:00,1
362,"Broadway & W 37 St",40.751726,-73.987535,2016-09-07 11:00,2
362,"Broadway & W 37 St",40.751726,-73.987535,2016-09-07 12:00,1
362,"Broadway & W 37 St",40.751726,-73.987535,2016-09-07 13:00,1
362,"Broadway & W 37 St",40.751726,-73.987535,2016-09-07 14:00,1
362,"Broadway & W 37 St",40.751726,-73.987535,2016-09-07 15:00,1
362,"Broadway & W 37 St",40.751726,-73.987535,2016-09-07 18:00,1
363,"West Thames St",40.708347,-74.017134,2016-09-02 9:00,1
363,"West Thames St",40.708347,-74.017134,2016-09-04 13:00,2
363,"West Thames St",40.708347,-74.017134,2016-09-07 20:00,1
365,"Fulton St & Grand Ave",40.682232,-73.961458,2016-09-01 16:00,1
366,"Clinton Ave & Myrtle Ave",40.693261,-73.968896,2016-09-07 19:00,1
367,"E 53 St & Lexington Ave",40.758281,-73.970694,2016-09-01 16:00,1
367,"E 53 St & Lexington Ave",40.758281,-73.970694,2016-09-01 18:00,1
367,"E 53 St & Lexington Ave",40.758281,-73.970694,2016-09-02 8:00,2
367,"E 53 St & Lexington Ave",40.758281,-73.970694,2016-09-02 9:00,1
367,"E 53 St & Lexington Ave",40.758281,-73.970694,2016-09-02 10:00,1
367,"E 53 St & Lexington Ave",40.758281,-73.970694,2016-09-02 13:00,1
367,"E 53 St & Lexington Ave",40.758281,-73.970694,2016-09-02 17:00,1
367,"E 53 St & Lexington Ave",40.758281,-73.970694,2016-09-02 18:00,1
367,"E 53 St & Lexington Ave",40.758281,-73.970694,2016-09-03 14:00,1
367,"E 53 St & Lexington Ave",40.758281,-73.970694,2016-09-06 8:00,2
367,"E 53 St & Lexington Ave",40.758281,-73.970694,2016-09-06 9:00,2
367,"E 53 St & Lexington Ave",40.758281,-73.970694,2016-09-06 12:00,2
367,"E 53 St & Lexington Ave",40.758281,-73.970694,2016-09-06 14:00,1
367,"E 53 St & Lexington Ave",40.758281,-73.970694,2016-09-06 15:00,1
367,"E 53 St & Lexington Ave",40.758281,-73.970694,2016-09-06 17:00,2
367,"E 53 St & Lexington Ave",40.758281,-73.970694,2016-09-06 18:00,1
367,"E 53 St & Lexington Ave",40.758281,-73.970694,2016-09-07 7:00,1
367,"E 53 St & Lexington Ave",40.758281,-73.970694,2016-09-07 8:00,2
367,"E 53 St & Lexington Ave",40.758281,-73.970694,2016-09-07 9:00,1
367,"E 53 St & Lexington Ave",40.758281,-73.970694,2016-09-07 10:00,1
367,"E 53 St & Lexington Ave",40.758281,-73.970694,2016-09-07 14:00,1
367,"E 53 St & Lexington Ave",40.758281,-73.970694,2016-09-07 15:00,1
367,"E 53 St & Lexington Ave",40.758281,-73.970694,2016-09-07 16:00,1
367,"E 53 St & Lexington Ave",40.758281,-73.970694,2016-09-07 17:00,1
367,"E 53 St & Lexington Ave",40.758281,-73.970694,2016-09-07 18:00,1
368,"Carmine St & 6 Ave",40.730386,-74.00215,2016-09-02 20:00,1
368,"Carmine St & 6 Ave",40.730386,-74.00215,2016-09-02 21:00,1
368,"Carmine St & 6 Ave",40.730386,-74.00215,2016-09-02 22:00,1
368,"Carmine St & 6 Ave",40.730386,-74.00215,2016-09-04 15:00,1
368,"Carmine St & 6 Ave",40.730386,-74.00215,2016-09-04 16:00,1
368,"Carmine St & 6 Ave",40.730386,-74.00215,2016-09-04 17:00,2
368,"Carmine St & 6 Ave",40.730386,-74.00215,2016-09-05 13:00,1
377,"6 Ave & Canal St",40.722438,-74.005664,2016-09-01 16:00,1
377,"6 Ave & Canal St",40.722438,-74.005664,2016-09-02 8:00,1
377,"6 Ave & Canal St",40.722438,-74.005664,2016-09-02 9:00,2
377,"6 Ave & Canal St",40.722438,-74.005664,2016-09-02 12:00,1
377,"6 Ave & Canal St",40.722438,-74.005664,2016-09-06 7:00,1
377,"6 Ave & Canal St",40.722438,-74.005664,2016-09-06 8:00,2
377,"6 Ave & Canal St",40.722438,-74.005664,2016-09-06 9:00,2
377,"6 Ave & Canal St",40.722438,-74.005664,2016-09-06 11:00,1
377,"6 Ave & Canal St",40.722438,-74.005664,2016-09-06 16:00,1
377,"6 Ave & Canal St",40.722438,-74.005664,2016-09-06 17:00,2
377,"6 Ave & Canal St",40.722438,-74.005664,2016-09-06 18:00,2
377,"6 Ave & Canal St",40.722438,-74.005664,2016-09-07 8:00,2
377,"6 Ave & Canal St",40.722438,-74.005664,2016-09-07 9:00,1
377,"6 Ave & Canal St",40.722438,-74.005664,2016-09-07 10:00,2
377,"6 Ave & Canal St",40.722438,-74.005664,2016-09-07 11:00,2
377,"6 Ave & Canal St",40.722438,-74.005664,2016-09-07 16:00,1
377,"6 Ave & Canal St",40.722438,-74.005664,2016-09-07 17:00,1
377,"6 Ave & Canal St",40.722438,-74.005664,2016-09-07 18:00,2
379,"W 31 St & 7 Ave",40.749156,-73.9916,2016-09-01 16:00,1
379,"W 31 St & 7 Ave",40.749156,-73.9916,2016-09-01 18:00,1
379,"W 31 St & 7 Ave",40.749156,-73.9916,2016-09-02 16:00,1
380,"W 4 St & 7 Ave S",40.734011,-74.002939,2016-09-01 16:00,1
380,"W 4 St & 7 Ave S",40.734011,-74.002939,2016-09-07 23:00,1
382,"University Pl & E 14 St",40.734927,-73.992005,2016-09-02 21:00,1
382,"University Pl & E 14 St",40.734927,-73.992005,2016-09-05 12:00,1
382,"University Pl & E 14 St",40.734927,-73.992005,2016-09-05 16:00,1
382,"University Pl & E 14 St",40.734927,-73.992005,2016-09-07 12:00,1
387,"Centre St & Chambers St",40.712733,-74.004607,2016-09-02 3:00,1
387,"Centre St & Chambers St",40.712733,-74.004607,2016-09-03 17:00,1
387,"Centre St & Chambers St",40.712733,-74.004607,2016-09-03 18:00,2
387,"Centre St & Chambers St",40.712733,-74.004607,2016-09-04 13:00,1
387,"Centre St & Chambers St",40.712733,-74.004607,2016-09-04 14:00,1
387,"Centre St & Chambers St",40.712733,-74.004607,2016-09-05 17:00,2
387,"Centre St & Chambers St",40.712733,-74.004607,2016-09-06 13:00,2
388,"W 26 St & 10 Ave",40.749718,-74.00295,2016-09-06 13:00,1
389,"Broadway & Berry St",40.710446,-73.965251,2016-09-07 14:00,1
390,"Duffield St & Willoughby St",40.692216,-73.984284,2016-09-01 16:00,1
391,"Clark St & Henry St",40.697601,-73.993446,2016-09-02 17:00,1
391,"Clark St & Henry St",40.697601,-73.993446,2016-09-07 17:00,1
391,"Clark St & Henry St",40.697601,-73.993446,2016-09-07 20:00,1
393,"E 5 St & Avenue C",40.722992,-73.979955,2016-09-01 16:00,1
393,"E 5 St & Avenue C",40.722992,-73.979955,2016-09-01 21:00,1
393,"E 5 St & Avenue C",40.722992,-73.979955,2016-09-02 20:00,1
393,"E 5 St & Avenue C",40.722992,-73.979955,2016-09-07 7:00,1
393,"E 5 St & Avenue C",40.722992,-73.979955,2016-09-07 22:00,1
394,"E 9 St & Avenue C",40.725213,-73.977688,2016-09-01 21:00,2
394,"E 9 St & Avenue C",40.725213,-73.977688,2016-09-02 7:00,1
394,"E 9 St & Avenue C",40.725213,-73.977688,2016-09-02 19:00,1
394,"E 9 St & Avenue C",40.725213,-73.977688,2016-09-02 20:00,1
394,"E 9 St & Avenue C",40.725213,-73.977688,2016-09-02 21:00,1
394,"E 9 St & Avenue C",40.725213,-73.977688,2016-09-06 7:00,1
394,"E 9 St & Avenue C",40.725213,-73.977688,2016-09-06 21:00,2
394,"E 9 St & Avenue C",40.725213,-73.977688,2016-09-07 7:00,1
394,"E 9 St & Avenue C",40.725213,-73.977688,2016-09-07 8:00,1
394,"E 9 St & Avenue C",40.725213,-73.977688,2016-09-07 9:00,1
396,"Lefferts Pl & Franklin Ave",40.680342,-73.955769,2016-09-02 18:00,1
396,"Lefferts Pl & Franklin Ave",40.680342,-73.955769,2016-09-04 11:00,1
397,"Fulton St & Clermont Ave",40.684157,-73.969223,2016-09-01 16:00,1
398,"Atlantic Ave & Furman St",40.691652,-73.999979,2016-09-01 16:00,1
398,"Atlantic Ave & Furman St",40.691652,-73.999979,2016-09-02 20:00,1
398,"Atlantic Ave & Furman St",40.691652,-73.999979,2016-09-04 8:00,1
398,"Atlantic Ave & Furman St",40.691652,-73.999979,2016-09-07 18:00,1
398,"Atlantic Ave & Furman St",40.691652,-73.999979,2016-09-07 21:00,1
399,"Lafayette Ave & St James Pl",40.688515,-73.964763,2016-09-01 16:00,1
399,"Lafayette Ave & St James Pl",40.688515,-73.964763,2016-09-06 10:00,1
399,"Lafayette Ave & St James Pl",40.688515,-73.964763,2016-09-07 8:00,1
399,"Lafayette Ave & St James Pl",40.688515,-73.964763,2016-09-07 17:00,1
401,"Allen St & Rivington St",40.720196,-73.989978,2016-09-06 20:00,1
401,"Allen St & Rivington St",40.720196,-73.989978,2016-09-07 23:00,1
402,"Broadway & E 22 St",40.740343,-73.989551,2016-09-01 16:00,1
402,"Broadway & E 22 St",40.740343,-73.989551,2016-09-02 7:00,2
402,"Broadway & E 22 St",40.740343,-73.989551,2016-09-02 8:00,2
402,"Broadway & E 22 St",40.740343,-73.989551,2016-09-02 9:00,2
402,"Broadway & E 22 St",40.740343,-73.989551,2016-09-02 10:00,2
402,"Broadway & E 22 St",40.740343,-73.989551,2016-09-02 12:00,2
402,"Broadway & E 22 St",40.740343,-73.989551,2016-09-02 14:00,1
402,"Broadway & E 22 St",40.740343,-73.989551,2016-09-02 15:00,1
402,"Broadway & E 22 St",40.740343,-73.989551,2016-09-02 16:00,1
402,"Broadway & E 22 St",40.740343,-73.989551,2016-09-02 17:00,1
402,"Broadway & E 22 St",40.740343,-73.989551,2016-09-04 16:00,1
402,"Broadway & E 22 St",40.740343,-73.989551,2016-09-05 15:00,1
402,"Broadway & E 22 St",40.740343,-73.989551,2016-09-06 8:00,2
402,"Broadway & E 22 St",40.740343,-73.989551,2016-09-06 9:00,2
402,"Broadway & E 22 St",40.740343,-73.989551,2016-09-06 10:00,2
402,"Broadway & E 22 St",40.740343,-73.989551,2016-09-06 11:00,1
402,"Broadway & E 22 St",40.740343,-73.989551,2016-09-06 12:00,1
402,"Broadway & E 22 St",40.740343,-73.989551,2016-09-06 14:00,1
402,"Broadway & E 22 St",40.740343,-73.989551,2016-09-06 15:00,1
402,"Broadway & E 22 St",40.740343,-73.989551,2016-09-06 16:00,1
402,"Broadway & E 22 St",40.740343,-73.989551,2016-09-06 17:00,2
402,"Broadway & E 22 St",40.740343,-73.989551,2016-09-06 18:00,1
402,"Broadway & E 22 St",40.740343,-73.989551,2016-09-07 7:00,2
402,"Broadway & E 22 St",40.740343,-73.989551,2016-09-07 8:00,2
402,"Broadway & E 22 St",40.740343,-73.989551,2016-09-07 9:00,1
402,"Broadway & E 22 St",40.740343,-73.989551,2016-09-07 10:00,2
402,"Broadway & E 22 St",40.740343,-73.989551,2016-09-07 11:00,1
402,"Broadway & E 22 St",40.740343,-73.989551,2016-09-07 12:00,1
402,"Broadway & E 22 St",40.740343,-73.989551,2016-09-07 13:00,1
402,"Broadway & E 22 St",40.740343,-73.989551,2016-09-07 16:00,1
402,"Broadway & E 22 St",40.740343,-73.989551,2016-09-07 17:00,1
402,"Broadway & E 22 St",40.740343,-73.989551,2016-09-07 18:00,1
405,"Washington St & Gansevoort St",40.739323,-74.008119,2016-09-03 12:00,1
406,"Hicks St & Montague St",40.695128,-73.995951,2016-09-03 11:00,1
406,"Hicks St & Montague St",40.695128,-73.995951,2016-09-04 13:00,1
406,"Hicks St & Montague St",40.695128,-73.995951,2016-09-07 10:00,1
408,"Market St & Cherry St",40.710762,-73.994004,2016-09-01 16:00,1
408,"Market St & Cherry St",40.710762,-73.994004,2016-09-04 11:00,1
412,"Forsyth St & Canal St",40.715815,-73.994224,2016-09-03 15:00,2
415,"Pearl St & Hanover Square",40.704718,-74.00926,2016-09-06 7:00,1
415,"Pearl St & Hanover Square",40.704718,-74.00926,2016-09-06 9:00,1
415,"Pearl St & Hanover Square",40.704718,-74.00926,2016-09-07 7:00,1
415,"Pearl St & Hanover Square",40.704718,-74.00926,2016-09-07 8:00,1
416,"Cumberland St & Lafayette Ave",40.687534,-73.972652,2016-09-04 21:00,1
419,"Carlton Ave & Park Ave",40.695807,-73.973556,2016-09-07 19:00,1
420,"Clermont Ave & Lafayette Ave",40.687645,-73.969689,2016-09-04 19:00,1
422,"W 59 St & 10 Ave",40.770513,-73.988038,2016-09-02 10:00,1
422,"W 59 St & 10 Ave",40.770513,-73.988038,2016-09-07 12:00,2
423,"W 54 St & 9 Ave",40.765849,-73.986905,2016-09-04 14:00,1
426,"West St & Chambers St",40.717548,-74.013221,2016-09-01 16:00,1
426,"West St & Chambers St",40.717548,-74.013221,2016-09-02 8:00,2
426,"West St & Chambers St",40.717548,-74.013221,2016-09-02 12:00,1
426,"West St & Chambers St",40.717548,-74.013221,2016-09-02 16:00,1
426,"West St & Chambers St",40.717548,-74.013221,2016-09-03 17:00,1
426,"West St & Chambers St",40.717548,-74.013221,2016-09-03 18:00,1
426,"West St & Chambers St",40.717548,-74.013221,2016-09-03 23:00,1
426,"West St & Chambers St",40.717548,-74.013221,2016-09-04 11:00,1
426,"West St & Chambers St",40.717548,-74.013221,2016-09-06 7:00,2
426,"West St & Chambers St",40.717548,-74.013221,2016-09-06 8:00,2
426,"West St & Chambers St",40.717548,-74.013221,2016-09-06 9:00,1
426,"West St & Chambers St",40.717548,-74.013221,2016-09-06 12:00,1
426,"West St & Chambers St",40.717548,-74.013221,2016-09-06 16:00,2
426,"West St & Chambers St",40.717548,-74.013221,2016-09-06 17:00,1
426,"West St & Chambers St",40.717548,-74.013221,2016-09-06 18:00,2
426,"West St & Chambers St",40.717548,-74.013221,2016-09-07 7:00,2
426,"West St & Chambers St",40.717548,-74.013221,2016-09-07 8:00,2
426,"West St & Chambers St",40.717548,-74.013221,2016-09-07 9:00,1
426,"West St & Chambers St",40.717548,-74.013221,2016-09-07 10:00,1
426,"West St & Chambers St",40.717548,-74.013221,2016-09-07 14:00,1
426,"West St & Chambers St",40.717548,-74.013221,2016-09-07 17:00,1
426,"West St & Chambers St",40.717548,-74.013221,2016-09-07 18:00,2
427,"Bus Slip & State St",40.701907,-74.013942,2016-09-02 9:00,1
427,"Bus Slip & State St",40.701907,-74.013942,2016-09-06 9:00,1
427,"Bus Slip & State St",40.701907,-74.013942,2016-09-07 10:00,1
428,"E 3 St & 1 Ave",40.724677,-73.987834,2016-09-06 6:00,1
430,"York St & Jay St",40.701485,-73.986569,2016-09-02 15:00,2
430,"York St & Jay St",40.701485,-73.986569,2016-09-05 17:00,1
430,"York St & Jay St",40.701485,-73.986569,2016-09-06 10:00,1
430,"York St & Jay St",40.701485,-73.986569,2016-09-06 11:00,1
430,"York St & Jay St",40.701485,-73.986569,2016-09-07 18:00,1
432,"E 7 St & Avenue A",40.726218,-73.983799,2016-09-01 16:00,1
432,"E 7 St & Avenue A",40.726218,-73.983799,2016-09-01 18:00,1
432,"E 7 St & Avenue A",40.726218,-73.983799,2016-09-01 19:00,1
432,"E 7 St & Avenue A",40.726218,-73.983799,2016-09-01 20:00,2
432,"E 7 St & Avenue A",40.726218,-73.983799,2016-09-01 21:00,1
432,"E 7 St & Avenue A",40.726218,-73.983799,2016-09-01 22:00,1
432,"E 7 St & Avenue A",40.726218,-73.983799,2016-09-01 23:00,1
432,"E 7 St & Avenue A",40.726218,-73.983799,2016-09-02 7:00,1
432,"E 7 St & Avenue A",40.726218,-73.983799,2016-09-02 8:00,1
432,"E 7 St & Avenue A",40.726218,-73.983799,2016-09-02 9:00,2
432,"E 7 St & Avenue A",40.726218,-73.983799,2016-09-02 10:00,1
432,"E 7 St & Avenue A",40.726218,-73.983799,2016-09-02 18:00,1
432,"E 7 St & Avenue A",40.726218,-73.983799,2016-09-02 19:00,1
432,"E 7 St & Avenue A",40.726218,-73.983799,2016-09-02 20:00,1
432,"E 7 St & Avenue A",40.726218,-73.983799,2016-09-02 21:00,1
432,"E 7 St & Avenue A",40.726218,-73.983799,2016-09-04 17:00,1
432,"E 7 St & Avenue A",40.726218,-73.983799,2016-09-06 7:00,2
432,"E 7 St & Avenue A",40.726218,-73.983799,2016-09-06 8:00,1
432,"E 7 St & Avenue A",40.726218,-73.983799,2016-09-06 10:00,1
432,"E 7 St & Avenue A",40.726218,-73.983799,2016-09-06 18:00,1
432,"E 7 St & Avenue A",40.726218,-73.983799,2016-09-06 19:00,2
432,"E 7 St & Avenue A",40.726218,-73.983799,2016-09-06 20:00,2
432,"E 7 St & Avenue A",40.726218,-73.983799,2016-09-06 21:00,2
432,"E 7 St & Avenue A",40.726218,-73.983799,2016-09-07 6:00,1
433,"E 13 St & Avenue A",40.729554,-73.980572,2016-09-02 22:00,1
433,"E 13 St & Avenue A",40.729554,-73.980572,2016-09-06 7:00,1
433,"E 13 St & Avenue A",40.729554,-73.980572,2016-09-07 7:00,1
433,"E 13 St & Avenue A",40.729554,-73.980572,2016-09-07 8:00,2
433,"E 13 St & Avenue A",40.729554,-73.980572,2016-09-07 20:00,2
433,"E 13 St & Avenue A",40.729554,-73.980572,2016-09-07 23:00,1
434,"9 Ave & W 18 St",40.743174,-74.003664,2016-09-04 2:00,1
435,"W 21 St & 6 Ave",40.74174,-73.994156,2016-09-02 10:00,1
435,"W 21 St & 6 Ave",40.74174,-73.994156,2016-09-02 11:00,1
435,"W 21 St & 6 Ave",40.74174,-73.994156,2016-09-05 17:00,1
435,"W 21 St & 6 Ave",40.74174,-73.994156,2016-09-05 18:00,1
435,"W 21 St & 6 Ave",40.74174,-73.994156,2016-09-06 7:00,1
444,"Broadway & W 24 St",40.742354,-73.989151,2016-09-02 20:00,1
444,"Broadway & W 24 St",40.742354,-73.989151,2016-09-02 21:00,1
444,"Broadway & W 24 St",40.742354,-73.989151,2016-09-03 15:00,1
444,"Broadway & W 24 St",40.742354,-73.989151,2016-09-05 15:00,1
444,"Broadway & W 24 St",40.742354,-73.989151,2016-09-05 17:00,1
444,"Broadway & W 24 St",40.742354,-73.989151,2016-09-07 16:00,1
444,"Broadway & W 24 St",40.742354,-73.989151,2016-09-07 17:00,1
445,"E 10 St & Avenue A",40.727408,-73.98142,2016-09-01 19:00,1
445,"E 10 St & Avenue A",40.727408,-73.98142,2016-09-01 21:00,1
445,"E 10 St & Avenue A",40.727408,-73.98142,2016-09-02 10:00,2
445,"E 10 St & Avenue A",40.727408,-73.98142,2016-09-06 21:00,1
445,"E 10 St & Avenue A",40.727408,-73.98142,2016-09-07 7:00,2
445,"E 10 St & Avenue A",40.727408,-73.98142,2016-09-07 8:00,2
445,"E 10 St & Avenue A",40.727408,-73.98142,2016-09-07 9:00,1
445,"E 10 St & Avenue A",40.727408,-73.98142,2016-09-07 10:00,2
445,"E 10 St & Avenue A",40.727408,-73.98142,2016-09-07 17:00,1
445,"E 10 St & Avenue A",40.727408,-73.98142,2016-09-07 18:00,2
445,"E 10 St & Avenue A",40.727408,-73.98142,2016-09-07 19:00,1
445,"E 10 St & Avenue A",40.727408,-73.98142,2016-09-07 20:00,2
445,"E 10 St & Avenue A",40.727408,-73.98142,2016-09-07 21:00,2
445,"E 10 St & Avenue A",40.727408,-73.98142,2016-09-07 22:00,1
447,"8 Ave & W 52 St",40.763707,-73.985162,2016-09-02 10:00,1
447,"8 Ave & W 52 St",40.763707,-73.985162,2016-09-02 21:00,1
448,"W 37 St & 10 Ave",40.756604,-73.997901,2016-09-02 17:00,1
448,"W 37 St & 10 Ave",40.756604,-73.997901,2016-09-02 21:00,1
453,"W 22 St & 8 Ave",40.744751,-73.999154,2016-09-02 15:00,1
456,"E 53 St & Madison Ave",40.759711,-73.974023,2016-09-07 8:00,2
456,"E 53 St & Madison Ave",40.759711,-73.974023,2016-09-07 9:00,1
457,"Broadway & W 58 St",40.766953,-73.981693,2016-09-03 0:00,1
457,"Broadway & W 58 St",40.766953,-73.981693,2016-09-03 10:00,1
457,"Broadway & W 58 St",40.766953,-73.981693,2016-09-03 16:00,1
457,"Broadway & W 58 St",40.766953,-73.981693,2016-09-04 16:00,1
457,"Broadway & W 58 St",40.766953,-73.981693,2016-09-04 17:00,1
457,"Broadway & W 58 St",40.766953,-73.981693,2016-09-05 18:00,1
458,"11 Ave & W 27 St",40.751396,-74.005226,2016-09-06 12:00,1
459,"W 20 St & 11 Ave",40.746745,-74.007756,2016-09-02 8:00,2
459,"W 20 St & 11 Ave",40.746745,-74.007756,2016-09-02 9:00,2
459,"W 20 St & 11 Ave",40.746745,-74.007756,2016-09-02 12:00,1
459,"W 20 St & 11 Ave",40.746745,-74.007756,2016-09-03 11:00,1
459,"W 20 St & 11 Ave",40.746745,-74.007756,2016-09-03 12:00,1
459,"W 20 St & 11 Ave",40.746745,-74.007756,2016-09-03 14:00,1
459,"W 20 St & 11 Ave",40.746745,-74.007756,2016-09-04 13:00,1
459,"W 20 St & 11 Ave",40.746745,-74.007756,2016-09-04 14:00,1
459,"W 20 St & 11 Ave",40.746745,-74.007756,2016-09-04 15:00,1
459,"W 20 St & 11 Ave",40.746745,-74.007756,2016-09-05 16:00,1
459,"W 20 St & 11 Ave",40.746745,-74.007756,2016-09-05 18:00,1
459,"W 20 St & 11 Ave",40.746745,-74.007756,2016-09-06 12:00,1
459,"W 20 St & 11 Ave",40.746745,-74.007756,2016-09-06 14:00,2
459,"W 20 St & 11 Ave",40.746745,-74.007756,2016-09-07 9:00,1
459,"W 20 St & 11 Ave",40.746745,-74.007756,2016-09-07 10:00,1
459,"W 20 St & 11 Ave",40.746745,-74.007756,2016-09-07 11:00,1
459,"W 20 St & 11 Ave",40.746745,-74.007756,2016-09-07 12:00,1
460,"S 4 St & Wythe Ave",40.712859,-73.965903,2016-09-02 16:00,1
460,"S 4 St & Wythe Ave",40.712859,-73.965903,2016-09-05 10:00,1
460,"S 4 St & Wythe Ave",40.712859,-73.965903,2016-09-05 20:00,1
460,"S 4 St & Wythe Ave",40.712859,-73.965903,2016-09-06 19:00,1
460,"S 4 St & Wythe Ave",40.712859,-73.965903,2016-09-07 8:00,1
460,"S 4 St & Wythe Ave",40.712859,-73.965903,2016-09-07 12:00,1
461,"E 20 St & 2 Ave",40.735877,-73.98205,2016-09-01 21:00,1
461,"E 20 St & 2 Ave",40.735877,-73.98205,2016-09-03 23:00,1
461,"E 20 St & 2 Ave",40.735877,-73.98205,2016-09-07 5:00,1
462,"W 22 St & 10 Ave",40.74692,-74.004519,2016-09-07 18:00,1
465,"Broadway & W 41 St",40.755136,-73.98658,2016-09-02 10:00,1
467,"Dean St & 4 Ave",40.683125,-73.978951,2016-09-02 15:00,1
467,"Dean St & 4 Ave",40.683125,-73.978951,2016-09-07 13:00,1
467,"Dean St & 4 Ave",40.683125,-73.978951,2016-09-07 16:00,1
468,"Broadway & W 55 St",40.765265,-73.981923,2016-09-02 8:00,1
468,"Broadway & W 55 St",40.765265,-73.981923,2016-09-03 22:00,1
468,"Broadway & W 55 St",40.765265,-73.981923,2016-09-04 16:00,1
469,"Broadway & W 53 St",40.763441,-73.982681,2016-09-01 20:00,1
471,"Grand St & Havemeyer St",40.712868,-73.956981,2016-09-06 16:00,1
473,"Rivington St & Chrystie St",40.721101,-73.991925,2016-09-02 11:00,1
473,"Rivington St & Chrystie St",40.721101,-73.991925,2016-09-06 11:00,1
476,"E 31 St & 3 Ave",40.743943,-73.979661,2016-09-06 16:00,1
477,"W 41 St & 8 Ave",40.756405,-73.990026,2016-09-02 6:00,1
477,"W 41 St & 8 Ave",40.756405,-73.990026,2016-09-02 9:00,1
477,"W 41 St & 8 Ave",40.756405,-73.990026,2016-09-02 15:00,1
477,"W 41 St & 8 Ave",40.756405,-73.990026,2016-09-02 16:00,1
477,"W 41 St & 8 Ave",40.756405,-73.990026,2016-09-02 17:00,1
477,"W 41 St & 8 Ave",40.756405,-73.990026,2016-09-06 16:00,1
477,"W 41 St & 8 Ave",40.756405,-73.990026,2016-09-06 17:00,1
477,"W 41 St & 8 Ave",40.756405,-73.990026,2016-09-06 18:00,1
477,"W 41 St & 8 Ave",40.756405,-73.990026,2016-09-06 19:00,1
477,"W 41 St & 8 Ave",40.756405,-73.990026,2016-09-07 5:00,1
477,"W 41 St & 8 Ave",40.756405,-73.990026,2016-09-07 6:00,1
477,"W 41 St & 8 Ave",40.756405,-73.990026,2016-09-07 16:00,1
478,"11 Ave & W 41 St",40.760301,-73.998842,2016-09-01 16:00,1
478,"11 Ave & W 41 St",40.760301,-73.998842,2016-09-02 16:00,1
478,"11 Ave & W 41 St",40.760301,-73.998842,2016-09-02 18:00,1
478,"11 Ave & W 41 St",40.760301,-73.998842,2016-09-03 6:00,1
478,"11 Ave & W 41 St",40.760301,-73.998842,2016-09-06 21:00,1
479,"9 Ave & W 45 St",40.760193,-73.991255,2016-09-07 10:00,2
480,"W 53 St & 10 Ave",40.766697,-73.990617,2016-09-02 9:00,1
480,"W 53 St & 10 Ave",40.766697,-73.990617,2016-09-07 11:00,1
480,"W 53 St & 10 Ave",40.766697,-73.990617,2016-09-07 12:00,1
481,"S 3 St & Bedford Ave",40.712605,-73.962644,2016-09-02 12:00,1
483,"E 12 St & 3 Ave",40.732233,-73.9889,2016-09-01 22:00,1
483,"E 12 St & 3 Ave",40.732233,-73.9889,2016-09-01 23:00,1
487,"E 20 St & FDR Drive",40.733143,-73.975739,2016-09-01 16:00,1
487,"E 20 St & FDR Drive",40.733143,-73.975739,2016-09-02 7:00,2
487,"E 20 St & FDR Drive",40.733143,-73.975739,2016-09-02 8:00,1
487,"E 20 St & FDR Drive",40.733143,-73.975739,2016-09-02 10:00,2
487,"E 20 St & FDR Drive",40.733143,-73.975739,2016-09-02 18:00,1
487,"E 20 St & FDR Drive",40.733143,-73.975739,2016-09-02 20:00,1
487,"E 20 St & FDR Drive",40.733143,-73.975739,2016-09-02 21:00,1
488,"W 39 St & 9 Ave",40.756458,-73.993722,2016-09-01 16:00,1
488,"W 39 St & 9 Ave",40.756458,-73.993722,2016-09-06 17:00,2
488,"W 39 St & 9 Ave",40.756458,-73.993722,2016-09-07 17:00,1
488,"W 39 St & 9 Ave",40.756458,-73.993722,2016-09-07 18:00,1
490,"8 Ave & W 33 St",40.751551,-73.993934,2016-09-02 15:00,2
490,"8 Ave & W 33 St",40.751551,-73.993934,2016-09-06 15:00,1
490,"8 Ave & W 33 St",40.751551,-73.993934,2016-09-06 16:00,1
490,"8 Ave & W 33 St",40.751551,-73.993934,2016-09-06 23:00,1
491,"E 24 St & Park Ave S",40.740964,-73.986022,2016-09-02 8:00,2
491,"E 24 St & Park Ave S",40.740964,-73.986022,2016-09-02 9:00,1
491,"E 24 St & Park Ave S",40.740964,-73.986022,2016-09-06 8:00,2
491,"E 24 St & Park Ave S",40.740964,-73.986022,2016-09-07 7:00,2
491,"E 24 St & Park Ave S",40.740964,-73.986022,2016-09-07 8:00,2
492,"W 33 St & 7 Ave",40.7502,-73.990931,2016-09-02 15:00,1
492,"W 33 St & 7 Ave",40.7502,-73.990931,2016-09-02 16:00,1
492,"W 33 St & 7 Ave",40.7502,-73.990931,2016-09-06 17:00,1
492,"W 33 St & 7 Ave",40.7502,-73.990931,2016-09-06 18:00,1
492,"W 33 St & 7 Ave",40.7502,-73.990931,2016-09-07 16:00,1
492,"W 33 St & 7 Ave",40.7502,-73.990931,2016-09-07 17:00,1
495,"W 47 St & 10 Ave",40.762699,-73.993012,2016-09-02 13:00,1
495,"W 47 St & 10 Ave",40.762699,-73.993012,2016-09-05 12:00,1
496,"E 16 St & 5 Ave",40.737262,-73.99239,2016-09-04 14:00,1
497,"E 17 St & Broadway",40.73705,-73.990093,2016-09-02 15:00,1
497,"E 17 St & Broadway",40.73705,-73.990093,2016-09-02 16:00,1
497,"E 17 St & Broadway",40.73705,-73.990093,2016-09-02 17:00,1
497,"E 17 St & Broadway",40.73705,-73.990093,2016-09-05 13:00,1
497,"E 17 St & Broadway",40.73705,-73.990093,2016-09-05 14:00,1
497,"E 17 St & Broadway",40.73705,-73.990093,2016-09-07 18:00,2
499,"Broadway & W 60 St",40.769155,-73.981918,2016-09-03 0:00,1
499,"Broadway & W 60 St",40.769155,-73.981918,2016-09-03 11:00,1
499,"Broadway & W 60 St",40.769155,-73.981918,2016-09-03 14:00,1
499,"Broadway & W 60 St",40.769155,-73.981918,2016-09-05 10:00,1
499,"Broadway & W 60 St",40.769155,-73.981918,2016-09-06 9:00,2
499,"Broadway & W 60 St",40.769155,-73.981918,2016-09-06 10:00,1
500,"Broadway & W 51 St",40.762288,-73.983362,2016-09-06 9:00,2
501,"FDR Drive & E 35 St",40.744219,-73.971212,2016-09-01 16:00,1
501,"FDR Drive & E 35 St",40.744219,-73.971212,2016-09-02 15:00,2
501,"FDR Drive & E 35 St",40.744219,-73.971212,2016-09-02 16:00,1
501,"FDR Drive & E 35 St",40.744219,-73.971212,2016-09-07 17:00,1
502,"Henry St & Grand St",40.714215,-73.981346,2016-09-03 8:00,1
505,"6 Ave & W 33 St",40.749013,-73.988484,2016-09-01 16:00,1
505,"6 Ave & W 33 St",40.749013,-73.988484,2016-09-01 18:00,1
505,"6 Ave & W 33 St",40.749013,-73.988484,2016-09-03 17:00,1
505,"6 Ave & W 33 St",40.749013,-73.988484,2016-09-05 18:00,1
507,"E 25 St & 2 Ave",40.739126,-73.979738,2016-09-02 8:00,2
507,"E 25 St & 2 Ave",40.739126,-73.979738,2016-09-02 9:00,2
507,"E 25 St & 2 Ave",40.739126,-73.979738,2016-09-06 8:00,2
507,"E 25 St & 2 Ave",40.739126,-73.979738,2016-09-06 9:00,1
507,"E 25 St & 2 Ave",40.739126,-73.979738,2016-09-07 7:00,1
507,"E 25 St & 2 Ave",40.739126,-73.979738,2016-09-07 8:00,2
508,"W 46 St & 11 Ave",40.763414,-73.996674,2016-09-02 17:00,1
508,"W 46 St & 11 Ave",40.763414,-73.996674,2016-09-02 18:00,1
508,"W 46 St & 11 Ave",40.763414,-73.996674,2016-09-03 15:00,1
509,"9 Ave & W 22 St",40.745497,-74.001971,2016-09-02 16:00,1
509,"9 Ave & W 22 St",40.745497,-74.001971,2016-09-04 15:00,1
511,"E 14 St & Avenue B",40.729387,-73.977724,2016-09-01 18:00,1
511,"E 14 St & Avenue B",40.729387,-73.977724,2016-09-01 19:00,1
511,"E 14 St & Avenue B",40.729387,-73.977724,2016-09-01 20:00,1
511,"E 14 St & Avenue B",40.729387,-73.977724,2016-09-01 21:00,2
511,"E 14 St & Avenue B",40.729387,-73.977724,2016-09-02 6:00,1
511,"E 14 St & Avenue B",40.729387,-73.977724,2016-09-02 7:00,1
511,"E 14 St & Avenue B",40.729387,-73.977724,2016-09-02 8:00,2
511,"E 14 St & Avenue B",40.729387,-73.977724,2016-09-02 9:00,2
511,"E 14 St & Avenue B",40.729387,-73.977724,2016-09-02 18:00,2
511,"E 14 St & Avenue B",40.729387,-73.977724,2016-09-02 19:00,1
511,"E 14 St & Avenue B",40.729387,-73.977724,2016-09-06 6:00,1
511,"E 14 St & Avenue B",40.729387,-73.977724,2016-09-06 7:00,1
511,"E 14 St & Avenue B",40.729387,-73.977724,2016-09-06 8:00,2
511,"E 14 St & Avenue B",40.729387,-73.977724,2016-09-06 9:00,1
511,"E 14 St & Avenue B",40.729387,-73.977724,2016-09-06 18:00,1
511,"E 14 St & Avenue B",40.729387,-73.977724,2016-09-06 19:00,2
511,"E 14 St & Avenue B",40.729387,-73.977724,2016-09-06 20:00,1
511,"E 14 St & Avenue B",40.729387,-73.977724,2016-09-06 21:00,2
511,"E 14 St & Avenue B",40.729387,-73.977724,2016-09-07 6:00,2
511,"E 14 St & Avenue B",40.729387,-73.977724,2016-09-07 7:00,1
511,"E 14 St & Avenue B",40.729387,-73.977724,2016-09-07 8:00,2
511,"E 14 St & Avenue B",40.729387,-73.977724,2016-09-07 18:00,2
511,"E 14 St & Avenue B",40.729387,-73.977724,2016-09-07 19:00,1
511,"E 14 St & Avenue B",40.729387,-73.977724,2016-09-07 20:00,2
511,"E 14 St & Avenue B",40.729387,-73.977724,2016-09-07 21:00,1
514,"12 Ave & W 40 St",40.760875,-74.002777,2016-09-01 16:00,1
514,"12 Ave & W 40 St",40.760875,-74.002777,2016-09-01 18:00,1
514,"12 Ave & W 40 St",40.760875,-74.002777,2016-09-01 22:00,1
514,"12 Ave & W 40 St",40.760875,-74.002777,2016-09-01 23:00,1
514,"12 Ave & W 40 St",40.760875,-74.002777,2016-09-02 6:00,1
514,"12 Ave & W 40 St",40.760875,-74.002777,2016-09-02 7:00,1
514,"12 Ave & W 40 St",40.760875,-74.002777,2016-09-02 8:00,2
514,"12 Ave & W 40 St",40.760875,-74.002777,2016-09-02 9:00,2
514,"12 Ave & W 40 St",40.760875,-74.002777,2016-09-02 11:00,1
514,"12 Ave & W 40 St",40.760875,-74.002777,2016-09-02 15:00,1
514,"12 Ave & W 40 St",40.760875,-74.002777,2016-09-02 16:00,1
514,"12 Ave & W 40 St",40.760875,-74.002777,2016-09-02 17:00,1
514,"12 Ave & W 40 St",40.760875,-74.002777,2016-09-02 18:00,2
514,"12 Ave & W 40 St",40.760875,-74.002777,2016-09-03 18:00,1
514,"12 Ave & W 40 St",40.760875,-74.002777,2016-09-04 15:00,2
514,"12 Ave & W 40 St",40.760875,-74.002777,2016-09-04 17:00,1
514,"12 Ave & W 40 St",40.760875,-74.002777,2016-09-05 12:00,2
514,"12 Ave & W 40 St",40.760875,-74.002777,2016-09-06 7:00,1
514,"12 Ave & W 40 St",40.760875,-74.002777,2016-09-06 8:00,1
514,"12 Ave & W 40 St",40.760875,-74.002777,2016-09-06 9:00,1
514,"12 Ave & W 40 St",40.760875,-74.002777,2016-09-06 10:00,1
514,"12 Ave & W 40 St",40.760875,-74.002777,2016-09-06 12:00,1
514,"12 Ave & W 40 St",40.760875,-74.002777,2016-09-06 16:00,1
514,"12 Ave & W 40 St",40.760875,-74.002777,2016-09-06 17:00,1
514,"12 Ave & W 40 St",40.760875,-74.002777,2016-09-06 18:00,2
514,"12 Ave & W 40 St",40.760875,-74.002777,2016-09-06 19:00,1
514,"12 Ave & W 40 St",40.760875,-74.002777,2016-09-07 8:00,2
514,"12 Ave & W 40 St",40.760875,-74.002777,2016-09-07 9:00,1
514,"12 Ave & W 40 St",40.760875,-74.002777,2016-09-07 10:00,1
514,"12 Ave & W 40 St",40.760875,-74.002777,2016-09-07 11:00,1
514,"12 Ave & W 40 St",40.760875,-74.002777,2016-09-07 16:00,1
514,"12 Ave & W 40 St",40.760875,-74.002777,2016-09-07 17:00,1
514,"12 Ave & W 40 St",40.760875,-74.002777,2016-09-07 18:00,2
514,"12 Ave & W 40 St",40.760875,-74.002777,2016-09-07 21:00,1
515,"W 43 St & 10 Ave",40.760094,-73.994618,2016-09-01 16:00,1
515,"W 43 St & 10 Ave",40.760094,-73.994618,2016-09-04 14:00,1
515,"W 43 St & 10 Ave",40.760094,-73.994618,2016-09-06 20:00,1
515,"W 43 St & 10 Ave",40.760094,-73.994618,2016-09-07 18:00,1
517,"Pershing Square South",40.751581,-73.97791,2016-09-03 15:00,1
517,"Pershing Square South",40.751581,-73.97791,2016-09-03 16:00,1
517,"Pershing Square South",40.751581,-73.97791,2016-09-04 13:00,1
517,"Pershing Square South",40.751581,-73.97791,2016-09-06 13:00,2
519,"Pershing Square North",40.751873,-73.977706,2016-09-03 5:00,1
519,"Pershing Square North",40.751873,-73.977706,2016-09-04 13:00,1
519,"Pershing Square North",40.751873,-73.977706,2016-09-06 13:00,1
519,"Pershing Square North",40.751873,-73.977706,2016-09-06 16:00,1
519,"Pershing Square North",40.751873,-73.977706,2016-09-06 17:00,1
519,"Pershing Square North",40.751873,-73.977706,2016-09-06 18:00,1
519,"Pershing Square North",40.751873,-73.977706,2016-09-07 16:00,1
519,"Pershing Square North",40.751873,-73.977706,2016-09-07 17:00,1
519,"Pershing Square North",40.751873,-73.977706,2016-09-07 18:00,1
520,"W 52 St & 5 Ave",40.759923,-73.976485,2016-09-01 16:00,1
520,"W 52 St & 5 Ave",40.759923,-73.976485,2016-09-02 7:00,1
520,"W 52 St & 5 Ave",40.759923,-73.976485,2016-09-02 8:00,2
520,"W 52 St & 5 Ave",40.759923,-73.976485,2016-09-02 9:00,2
520,"W 52 St & 5 Ave",40.759923,-73.976485,2016-09-02 10:00,1
520,"W 52 St & 5 Ave",40.759923,-73.976485,2016-09-02 13:00,1
520,"W 52 St & 5 Ave",40.759923,-73.976485,2016-09-02 14:00,1
520,"W 52 St & 5 Ave",40.759923,-73.976485,2016-09-02 15:00,2
520,"W 52 St & 5 Ave",40.759923,-73.976485,2016-09-02 16:00,1
520,"W 52 St & 5 Ave",40.759923,-73.976485,2016-09-02 17:00,2
520,"W 52 St & 5 Ave",40.759923,-73.976485,2016-09-04 10:00,1
520,"W 52 St & 5 Ave",40.759923,-73.976485,2016-09-04 12:00,1
520,"W 52 St & 5 Ave",40.759923,-73.976485,2016-09-04 13:00,1
520,"W 52 St & 5 Ave",40.759923,-73.976485,2016-09-06 7:00,2
520,"W 52 St & 5 Ave",40.759923,-73.976485,2016-09-06 8:00,2
520,"W 52 St & 5 Ave",40.759923,-73.976485,2016-09-06 9:00,2
520,"W 52 St & 5 Ave",40.759923,-73.976485,2016-09-06 10:00,1
520,"W 52 St & 5 Ave",40.759923,-73.976485,2016-09-06 11:00,1
520,"W 52 St & 5 Ave",40.759923,-73.976485,2016-09-06 12:00,2
520,"W 52 St & 5 Ave",40.759923,-73.976485,2016-09-06 14:00,2
520,"W 52 St & 5 Ave",40.759923,-73.976485,2016-09-06 15:00,1
520,"W 52 St & 5 Ave",40.759923,-73.976485,2016-09-06 16:00,2
520,"W 52 St & 5 Ave",40.759923,-73.976485,2016-09-06 17:00,2
520,"W 52 St & 5 Ave",40.759923,-73.976485,2016-09-06 18:00,2
520,"W 52 St & 5 Ave",40.759923,-73.976485,2016-09-06 19:00,1
520,"W 52 St & 5 Ave",40.759923,-73.976485,2016-09-07 8:00,2
520,"W 52 St & 5 Ave",40.759923,-73.976485,2016-09-07 10:00,1
520,"W 52 St & 5 Ave",40.759923,-73.976485,2016-09-07 11:00,2
520,"W 52 St & 5 Ave",40.759923,-73.976485,2016-09-07 14:00,1
520,"W 52 St & 5 Ave",40.759923,-73.976485,2016-09-07 15:00,1
520,"W 52 St & 5 Ave",40.759923,-73.976485,2016-09-07 16:00,1
520,"W 52 St & 5 Ave",40.759923,-73.976485,2016-09-07 17:00,1
520,"W 52 St & 5 Ave",40.759923,-73.976485,2016-09-07 18:00,2
523,"W 38 St & 8 Ave",40.754666,-73.991382,2016-09-02 19:00,1
524,"W 43 St & 6 Ave",40.755273,-73.983169,2016-09-01 16:00,1
524,"W 43 St & 6 Ave",40.755273,-73.983169,2016-09-02 10:00,1
524,"W 43 St & 6 Ave",40.755273,-73.983169,2016-09-06 7:00,2
524,"W 43 St & 6 Ave",40.755273,-73.983169,2016-09-06 8:00,2
524,"W 43 St & 6 Ave",40.755273,-73.983169,2016-09-06 9:00,1
524,"W 43 St & 6 Ave",40.755273,-73.983169,2016-09-06 11:00,1
524,"W 43 St & 6 Ave",40.755273,-73.983169,2016-09-06 16:00,2
524,"W 43 St & 6 Ave",40.755273,-73.983169,2016-09-06 17:00,1
524,"W 43 St & 6 Ave",40.755273,-73.983169,2016-09-07 7:00,2
524,"W 43 St & 6 Ave",40.755273,-73.983169,2016-09-07 8:00,2
524,"W 43 St & 6 Ave",40.755273,-73.983169,2016-09-07 10:00,2
524,"W 43 St & 6 Ave",40.755273,-73.983169,2016-09-07 15:00,1
524,"W 43 St & 6 Ave",40.755273,-73.983169,2016-09-07 16:00,1
524,"W 43 St & 6 Ave",40.755273,-73.983169,2016-09-07 17:00,1
524,"W 43 St & 6 Ave",40.755273,-73.983169,2016-09-07 18:00,1
525,"W 34 St & 11 Ave",40.755942,-74.002116,2016-09-02 18:00,1
526,"E 33 St & 5 Ave",40.747659,-73.984907,2016-09-05 13:00,1
526,"E 33 St & 5 Ave",40.747659,-73.984907,2016-09-05 14:00,1
527,"E 33 St & 2 Ave",40.744023,-73.976056,2016-09-01 16:00,1
527,"E 33 St & 2 Ave",40.744023,-73.976056,2016-09-05 12:00,1
527,"E 33 St & 2 Ave",40.744023,-73.976056,2016-09-05 13:00,1
528,"2 Ave & E 31 St",40.742909,-73.977061,2016-09-01 16:00,1
528,"2 Ave & E 31 St",40.742909,-73.977061,2016-09-02 15:00,1
528,"2 Ave & E 31 St",40.742909,-73.977061,2016-09-02 16:00,1
528,"2 Ave & E 31 St",40.742909,-73.977061,2016-09-02 17:00,1
528,"2 Ave & E 31 St",40.742909,-73.977061,2016-09-06 18:00,1
528,"2 Ave & E 31 St",40.742909,-73.977061,2016-09-07 17:00,1
529,"W 42 St & 8 Ave",40.75757,-73.990985,2016-09-01 16:00,1
529,"W 42 St & 8 Ave",40.75757,-73.990985,2016-09-03 2:00,1
529,"W 42 St & 8 Ave",40.75757,-73.990985,2016-09-06 9:00,1
529,"W 42 St & 8 Ave",40.75757,-73.990985,2016-09-06 17:00,1
529,"W 42 St & 8 Ave",40.75757,-73.990985,2016-09-06 18:00,1
531,"Forsyth St & Broome St",40.718939,-73.992663,2016-09-01 16:00,1
531,"Forsyth St & Broome St",40.718939,-73.992663,2016-09-02 22:00,1
531,"Forsyth St & Broome St",40.718939,-73.992663,2016-09-04 15:00,1
531,"Forsyth St & Broome St",40.718939,-73.992663,2016-09-06 9:00,2
531,"Forsyth St & Broome St",40.718939,-73.992663,2016-09-06 10:00,1
531,"Forsyth St & Broome St",40.718939,-73.992663,2016-09-07 10:00,2
532,"S 5 Pl & S 4 St",40.710451,-73.960876,2016-09-02 11:00,1
532,"S 5 Pl & S 4 St",40.710451,-73.960876,2016-09-02 17:00,1
532,"S 5 Pl & S 4 St",40.710451,-73.960876,2016-09-03 18:00,1
532,"S 5 Pl & S 4 St",40.710451,-73.960876,2016-09-04 19:00,1
532,"S 5 Pl & S 4 St",40.710451,-73.960876,2016-09-05 12:00,1
532,"S 5 Pl & S 4 St",40.710451,-73.960876,2016-09-05 15:00,2
532,"S 5 Pl & S 4 St",40.710451,-73.960876,2016-09-06 18:00,1
532,"S 5 Pl & S 4 St",40.710451,-73.960876,2016-09-07 10:00,1
532,"S 5 Pl & S 4 St",40.710451,-73.960876,2016-09-07 12:00,1
532,"S 5 Pl & S 4 St",40.710451,-73.960876,2016-09-07 19:00,1
533,"Broadway & W 39 St",40.752996,-73.987216,2016-09-04 11:00,1
533,"Broadway & W 39 St",40.752996,-73.987216,2016-09-05 17:00,2
533,"Broadway & W 39 St",40.752996,-73.987216,2016-09-06 8:00,1
534,"Water - Whitehall Plaza",40.702551,-74.012723,2016-09-02 7:00,1
534,"Water - Whitehall Plaza",40.702551,-74.012723,2016-09-02 8:00,1
534,"Water - Whitehall Plaza",40.702551,-74.012723,2016-09-06 9:00,1
534,"Water - Whitehall Plaza",40.702551,-74.012723,2016-09-06 10:00,1
534,"Water - Whitehall Plaza",40.702551,-74.012723,2016-09-07 7:00,1
537,"Lexington Ave & E 24 St",40.740259,-73.984092,2016-09-01 23:00,2
537,"Lexington Ave & E 24 St",40.740259,-73.984092,2016-09-02 13:00,1
537,"Lexington Ave & E 24 St",40.740259,-73.984092,2016-09-07 18:00,1
539,"Metropolitan Ave & Bedford Ave",40.715348,-73.960241,2016-09-05 12:00,1
539,"Metropolitan Ave & Bedford Ave",40.715348,-73.960241,2016-09-06 17:00,1
539,"Metropolitan Ave & Bedford Ave",40.715348,-73.960241,2016-09-07 15:00,1
2000,"Front St & Washington St",40.702551,-73.989402,2016-09-04 13:00,1
2002,"Wythe Ave & Metropolitan Ave",40.716887,-73.963198,2016-09-02 19:00,1
2002,"Wythe Ave & Metropolitan Ave",40.716887,-73.963198,2016-09-06 16:00,1
2006,"Central Park S & 6 Ave",40.765909,-73.976342,2016-09-02 14:00,1
2006,"Central Park S & 6 Ave",40.765909,-73.976342,2016-09-03 11:00,2
2006,"Central Park S & 6 Ave",40.765909,-73.976342,2016-09-03 13:00,2
2006,"Central Park S & 6 Ave",40.765909,-73.976342,2016-09-03 14:00,1
2006,"Central Park S & 6 Ave",40.765909,-73.976342,2016-09-03 15:00,1
2006,"Central Park S & 6 Ave",40.765909,-73.976342,2016-09-03 16:00,1
2006,"Central Park S & 6 Ave",40.765909,-73.976342,2016-09-03 17:00,1
2006,"Central Park S & 6 Ave",40.765909,-73.976342,2016-09-03 19:00,1
2006,"Central Park S & 6 Ave",40.765909,-73.976342,2016-09-04 10:00,1
2006,"Central Park S & 6 Ave",40.765909,-73.976342,2016-09-04 14:00,2
2006,"Central Park S & 6 Ave",40.765909,-73.976342,2016-09-04 15:00,1
2006,"Central Park S & 6 Ave",40.765909,-73.976342,2016-09-05 8:00,1
2006,"Central Park S & 6 Ave",40.765909,-73.976342,2016-09-05 13:00,1
2006,"Central Park S & 6 Ave",40.765909,-73.976342,2016-09-06 5:00,1
2006,"Central Park S & 6 Ave",40.765909,-73.976342,2016-09-06 14:00,1
2008,"Little West St & 1 Pl",40.705693,-74.016777,2016-09-03 13:00,1
2008,"Little West St & 1 Pl",40.705693,-74.016777,2016-09-05 10:00,1
2008,"Little West St & 1 Pl",40.705693,-74.016777,2016-09-05 16:00,1
2010,"Grand St & Greene St",40.721655,-74.002347,2016-09-02 9:00,1
2010,"Grand St & Greene St",40.721655,-74.002347,2016-09-06 7:00,1
2010,"Grand St & Greene St",40.721655,-74.002347,2016-09-06 8:00,2
2010,"Grand St & Greene St",40.721655,-74.002347,2016-09-06 9:00,1
2010,"Grand St & Greene St",40.721655,-74.002347,2016-09-06 13:00,1
2010,"Grand St & Greene St",40.721655,-74.002347,2016-09-07 8:00,2
2010,"Grand St & Greene St",40.721655,-74.002347,2016-09-07 9:00,1
2010,"Grand St & Greene St",40.721655,-74.002347,2016-09-07 10:00,1
2012,"E 27 St & 1 Ave",40.739445,-73.976806,2016-09-02 13:00,1
2021,"W 45 St & 8 Ave",40.759291,-73.988597,2016-09-02 10:00,1
2023,"E 55 St & Lexington Ave",40.759681,-73.970314,2016-09-01 21:00,1
3002,"South End Ave & Liberty St",40.711512,-74.015756,2016-09-02 14:00,1
3002,"South End Ave & Liberty St",40.711512,-74.015756,2016-09-04 16:00,1
3002,"South End Ave & Liberty St",40.711512,-74.015756,2016-09-05 9:00,1
3002,"South End Ave & Liberty St",40.711512,-74.015756,2016-09-05 17:00,1
3002,"South End Ave & Liberty St",40.711512,-74.015756,2016-09-05 20:00,1
3002,"South End Ave & Liberty St",40.711512,-74.015756,2016-09-05 21:00,1
3016,"Kent Ave & N 7 St",40.720368,-73.961651,2016-09-05 16:00,1
3052,"Lewis Ave & Madison St",40.686312,-73.935775,2016-09-04 14:00,1
3068,"Humboldt St & Varet St",40.703172,-73.940636,2016-09-07 17:00,1
3070,"McKibbin St & Manhattan Ave",40.705109,-73.944073,2016-09-04 16:00,1
3074,"Montrose Ave & Bushwick Ave",40.707678,-73.940162,2016-09-02 20:00,1
3074,"Montrose Ave & Bushwick Ave",40.707678,-73.940162,2016-09-04 10:00,1
3074,"Montrose Ave & Bushwick Ave",40.707678,-73.940162,2016-09-06 19:00,1
3082,"Hope St & Union Ave",40.711674,-73.951413,2016-09-03 19:00,1
3082,"Hope St & Union Ave",40.711674,-73.951413,2016-09-06 21:00,1
3085,"Roebling St & N 4 St",40.71469,-73.95739,2016-09-06 18:00,1
3087,"Metropolitan Ave & Meeker Ave",40.714133,-73.952344,2016-09-06 20:00,1
3093,"N 6 St & Bedford Ave",40.717452,-73.958509,2016-09-04 17:00,2
3096,"Union Ave & N 12 St",40.71924,-73.95242,2016-09-04 12:00,1
3101,"N 12 St & Bedford Ave",40.720798,-73.954847,2016-09-05 15:00,1
3102,"Driggs Ave & Lorimer St",40.721791,-73.950415,2016-09-06 17:00,1
3105,"N 15 St & Wythe Ave",40.724055,-73.955736,2016-09-02 18:00,1
3112,"Milton St & Franklin St",40.72906,-73.95779,2016-09-06 18:00,1
3113,"Greenpoint Ave & Manhattan Ave",40.73026,-73.95394,2016-09-02 18:00,1
3116,"Huron St & Franklin St",40.73266,-73.95826,2016-09-06 18:00,1
3116,"Huron St & Franklin St",40.73266,-73.95826,2016-09-07 16:00,1
3117,"Franklin St & Dupont St",40.73564,-73.95866,2016-09-07 21:00,1
3122,"48 Ave & 5 St",40.744363,-73.955873,2016-09-07 20:00,1
3124,"46 Ave & 5 St",40.74731,-73.95451,2016-09-02 15:00,1
3132,"E 59 St & Madison Ave",40.763505,-73.971092,2016-09-03 15:00,1
3132,"E 59 St & Madison Ave",40.763505,-73.971092,2016-09-04 11:00,1
3134,"3 Ave & E 62 St",40.763126,-73.965269,2016-09-04 14:00,1
3134,"3 Ave & E 62 St",40.763126,-73.965269,2016-09-07 15:00,1
3134,"3 Ave & E 62 St",40.763126,-73.965269,2016-09-07 16:00,1
3135,"E 75 St & 3 Ave",40.771129,-73.957723,2016-09-03 13:00,1
3135,"E 75 St & 3 Ave",40.771129,-73.957723,2016-09-04 13:00,1
3137,"5 Ave & E 73 St",40.772828,-73.966853,2016-09-03 20:00,2
3137,"5 Ave & E 73 St",40.772828,-73.966853,2016-09-04 11:00,2
3137,"5 Ave & E 73 St",40.772828,-73.966853,2016-09-04 14:00,1
3137,"5 Ave & E 73 St",40.772828,-73.966853,2016-09-04 15:00,2
3137,"5 Ave & E 73 St",40.772828,-73.966853,2016-09-04 16:00,1
3137,"5 Ave & E 73 St",40.772828,-73.966853,2016-09-05 10:00,1
3137,"5 Ave & E 73 St",40.772828,-73.966853,2016-09-05 13:00,1
3137,"5 Ave & E 73 St",40.772828,-73.966853,2016-09-05 15:00,1
3137,"5 Ave & E 73 St",40.772828,-73.966853,2016-09-05 16:00,1
3140,"1 Ave & E 78 St",40.771404,-73.953517,2016-09-01 16:00,1
3140,"1 Ave & E 78 St",40.771404,-73.953517,2016-09-03 0:00,1
3140,"1 Ave & E 78 St",40.771404,-73.953517,2016-09-06 19:00,1
3140,"1 Ave & E 78 St",40.771404,-73.953517,2016-09-07 10:00,2
3141,"1 Ave & E 68 St",40.765005,-73.958185,2016-09-02 17:00,1
3141,"1 Ave & E 68 St",40.765005,-73.958185,2016-09-02 18:00,1
3141,"1 Ave & E 68 St",40.765005,-73.958185,2016-09-03 0:00,1
3141,"1 Ave & E 68 St",40.765005,-73.958185,2016-09-04 20:00,1
3141,"1 Ave & E 68 St",40.765005,-73.958185,2016-09-05 20:00,2
3142,"1 Ave & E 62 St",40.761227,-73.96094,2016-09-02 11:00,1
3142,"1 Ave & E 62 St",40.761227,-73.96094,2016-09-02 12:00,1
3143,"5 Ave & E 78 St",40.776829,-73.963888,2016-09-03 13:00,1
3143,"5 Ave & E 78 St",40.776829,-73.963888,2016-09-03 19:00,1
3143,"5 Ave & E 78 St",40.776829,-73.963888,2016-09-04 10:00,1
3143,"5 Ave & E 78 St",40.776829,-73.963888,2016-09-04 13:00,1
3143,"5 Ave & E 78 St",40.776829,-73.963888,2016-09-04 14:00,1
3143,"5 Ave & E 78 St",40.776829,-73.963888,2016-09-04 17:00,1
3143,"5 Ave & E 78 St",40.776829,-73.963888,2016-09-05 10:00,1
3143,"5 Ave & E 78 St",40.776829,-73.963888,2016-09-05 12:00,1
3143,"5 Ave & E 78 St",40.776829,-73.963888,2016-09-05 13:00,1
3143,"5 Ave & E 78 St",40.776829,-73.963888,2016-09-05 17:00,1
3143,"5 Ave & E 78 St",40.776829,-73.963888,2016-09-07 12:00,1
3144,"E 81 St & Park Ave",40.776777,-73.95901,2016-09-04 15:00,1
3144,"E 81 St & Park Ave",40.776777,-73.95901,2016-09-05 17:00,1
3146,"E 81 St & 3 Ave",40.77573,-73.956753,2016-09-03 13:00,1
3146,"E 81 St & 3 Ave",40.77573,-73.956753,2016-09-04 11:00,1
3148,"E 84 St & 1 Ave",40.775655,-73.950686,2016-09-02 18:00,1
3148,"E 84 St & 1 Ave",40.775655,-73.950686,2016-09-02 19:00,1
3148,"E 84 St & 1 Ave",40.775655,-73.950686,2016-09-07 19:00,1
3150,"E 85 St & York Ave",40.775369,-73.948034,2016-09-04 17:00,1
3150,"E 85 St & York Ave",40.775369,-73.948034,2016-09-06 19:00,1
3151,"E 81 St & York Ave",40.772838,-73.949892,2016-09-06 10:00,1
3152,"3 Ave & E 71 St",40.768737,-73.961199,2016-09-04 11:00,1
3152,"3 Ave & E 71 St",40.768737,-73.961199,2016-09-04 13:00,1
3152,"3 Ave & E 71 St",40.768737,-73.961199,2016-09-04 14:00,1
3152,"3 Ave & E 71 St",40.768737,-73.961199,2016-09-04 15:00,2
3152,"3 Ave & E 71 St",40.768737,-73.961199,2016-09-04 16:00,1
3159,"W 67 St & Broadway",40.774925,-73.982666,2016-09-03 11:00,1
3159,"W 67 St & Broadway",40.774925,-73.982666,2016-09-03 12:00,2
3159,"W 67 St & Broadway",40.774925,-73.982666,2016-09-03 15:00,1
3160,"Central Park West & W 76 St",40.778968,-73.973747,2016-09-01 20:00,1
3160,"Central Park West & W 76 St",40.778968,-73.973747,2016-09-02 21:00,1
3160,"Central Park West & W 76 St",40.778968,-73.973747,2016-09-03 12:00,1
3161,"W 76 St & Columbus Ave",40.780184,-73.977285,2016-09-01 20:00,1
3161,"W 76 St & Columbus Ave",40.780184,-73.977285,2016-09-02 20:00,1
3161,"W 76 St & Columbus Ave",40.780184,-73.977285,2016-09-03 13:00,1
3161,"W 76 St & Columbus Ave",40.780184,-73.977285,2016-09-03 15:00,1
3161,"W 76 St & Columbus Ave",40.780184,-73.977285,2016-09-04 9:00,1
3161,"W 76 St & Columbus Ave",40.780184,-73.977285,2016-09-06 20:00,1
3161,"W 76 St & Columbus Ave",40.780184,-73.977285,2016-09-07 9:00,1
3161,"W 76 St & Columbus Ave",40.780184,-73.977285,2016-09-07 13:00,1
3161,"W 76 St & Columbus Ave",40.780184,-73.977285,2016-09-07 20:00,1
3161,"W 76 St & Columbus Ave",40.780184,-73.977285,2016-09-07 21:00,1
3163,"Central Park West & W 68 St",40.773407,-73.977825,2016-09-02 10:00,1
3163,"Central Park West & W 68 St",40.773407,-73.977825,2016-09-03 11:00,1
3163,"Central Park West & W 68 St",40.773407,-73.977825,2016-09-03 13:00,1
3163,"Central Park West & W 68 St",40.773407,-73.977825,2016-09-03 14:00,1
3163,"Central Park West & W 68 St",40.773407,-73.977825,2016-09-04 15:00,1
3163,"Central Park West & W 68 St",40.773407,-73.977825,2016-09-05 11:00,1
3163,"Central Park West & W 68 St",40.773407,-73.977825,2016-09-05 12:00,2
3163,"Central Park West & W 68 St",40.773407,-73.977825,2016-09-05 15:00,1
3163,"Central Park West & W 68 St",40.773407,-73.977825,2016-09-05 16:00,1
3163,"Central Park West & W 68 St",40.773407,-73.977825,2016-09-06 10:00,2
3164,"Columbus Ave & W 72 St",40.777057,-73.978985,2016-09-03 11:00,1
3164,"Columbus Ave & W 72 St",40.777057,-73.978985,2016-09-04 19:00,1
3164,"Columbus Ave & W 72 St",40.777057,-73.978985,2016-09-04 20:00,1
3164,"Columbus Ave & W 72 St",40.777057,-73.978985,2016-09-05 11:00,1
3164,"Columbus Ave & W 72 St",40.777057,-73.978985,2016-09-05 12:00,1
3165,"Central Park West & W 72 St",40.775794,-73.976206,2016-09-03 11:00,1
3165,"Central Park West & W 72 St",40.775794,-73.976206,2016-09-03 15:00,1
3165,"Central Park West & W 72 St",40.775794,-73.976206,2016-09-04 15:00,2
3166,"Riverside Dr & W 72 St",40.780578,-73.985624,2016-09-04 15:00,1
3166,"Riverside Dr & W 72 St",40.780578,-73.985624,2016-09-04 16:00,1
3168,"Central Park West & W 85 St",40.784727,-73.969617,2016-09-01 21:00,1
3168,"Central Park West & W 85 St",40.784727,-73.969617,2016-09-02 9:00,1
3168,"Central Park West & W 85 St",40.784727,-73.969617,2016-09-02 20:00,1
3168,"Central Park West & W 85 St",40.784727,-73.969617,2016-09-02 21:00,1
3168,"Central Park West & W 85 St",40.784727,-73.969617,2016-09-04 11:00,1
3168,"Central Park West & W 85 St",40.784727,-73.969617,2016-09-04 12:00,1
3168,"Central Park West & W 85 St",40.784727,-73.969617,2016-09-07 8:00,1
3168,"Central Park West & W 85 St",40.784727,-73.969617,2016-09-07 21:00,1
3169,"Riverside Dr & W 82 St",40.787209,-73.981281,2016-09-01 21:00,1
3169,"Riverside Dr & W 82 St",40.787209,-73.981281,2016-09-06 19:00,1
3169,"Riverside Dr & W 82 St",40.787209,-73.981281,2016-09-07 19:00,1
3170,"W 84 St & Columbus Ave",40.785,-73.972834,2016-09-01 20:00,1
3170,"W 84 St & Columbus Ave",40.785,-73.972834,2016-09-02 13:00,1
3170,"W 84 St & Columbus Ave",40.785,-73.972834,2016-09-02 19:00,1
3170,"W 84 St & Columbus Ave",40.785,-73.972834,2016-09-04 13:00,2
3170,"W 84 St & Columbus Ave",40.785,-73.972834,2016-09-06 9:00,1
3170,"W 84 St & Columbus Ave",40.785,-73.972834,2016-09-06 20:00,1
3170,"W 84 St & Columbus Ave",40.785,-73.972834,2016-09-07 20:00,1
3170,"W 84 St & Columbus Ave",40.785,-73.972834,2016-09-07 21:00,1
3171,"Amsterdam Ave & W 82 St",40.785247,-73.976673,2016-09-01 19:00,1
3171,"Amsterdam Ave & W 82 St",40.785247,-73.976673,2016-09-01 20:00,1
3171,"Amsterdam Ave & W 82 St",40.785247,-73.976673,2016-09-06 19:00,1
3171,"Amsterdam Ave & W 82 St",40.785247,-73.976673,2016-09-07 20:00,2
3173,"Riverside Blvd & W 67 St",40.777507,-73.988886,2016-09-02 18:00,1
3177,"W 84 St & Broadway",40.786795,-73.977112,2016-09-01 16:00,1
3177,"W 84 St & Broadway",40.786795,-73.977112,2016-09-01 19:00,1
3177,"W 84 St & Broadway",40.786795,-73.977112,2016-09-02 9:00,2
3177,"W 84 St & Broadway",40.786795,-73.977112,2016-09-02 18:00,1
3177,"W 84 St & Broadway",40.786795,-73.977112,2016-09-06 19:00,2
3177,"W 84 St & Broadway",40.786795,-73.977112,2016-09-06 20:00,1
3177,"W 84 St & Broadway",40.786795,-73.977112,2016-09-07 20:00,2
3178,"Riverside Dr & W 78 St",40.784145,-73.983625,2016-09-02 20:00,1
3178,"Riverside Dr & W 78 St",40.784145,-73.983625,2016-09-04 11:00,1
3178,"Riverside Dr & W 78 St",40.784145,-73.983625,2016-09-04 12:00,1
3178,"Riverside Dr & W 78 St",40.784145,-73.983625,2016-09-07 9:00,1
3182,"Yankee Ferry Terminal",40.686931,-74.016966,2016-09-03 13:00,2
3182,"Yankee Ferry Terminal",40.686931,-74.016966,2016-09-04 17:00,1
3182,"Yankee Ferry Terminal",40.686931,-74.016966,2016-09-05 17:00,1
3182,"Yankee Ferry Terminal",40.686931,-74.016966,2016-09-06 14:00,1
3222,"Hanson Pl & St Felix St",40.68516,-73.977114,2016-09-01 19:00,1
3222,"Hanson Pl & St Felix St",40.68516,-73.977114,2016-09-04 12:00,1
3222,"Hanson Pl & St Felix St",40.68516,-73.977114,2016-09-06 19:00,1
3222,"Hanson Pl & St Felix St",40.68516,-73.977114,2016-09-07 11:00,1
3224,"W 13 St & Hudson St",40.739974,-74.005139,2016-09-06 9:00,1
3230,"Penn Station Valet",40.751284,-73.996924,2016-09-01 16:00,1
3230,"Penn Station Valet",40.751284,-73.996924,2016-09-02 7:00,2
3230,"Penn Station Valet",40.751284,-73.996924,2016-09-02 8:00,2
3230,"Penn Station Valet",40.751284,-73.996924,2016-09-02 9:00,1
3230,"Penn Station Valet",40.751284,-73.996924,2016-09-02 14:00,1
3230,"Penn Station Valet",40.751284,-73.996924,2016-09-02 15:00,2
3230,"Penn Station Valet",40.751284,-73.996924,2016-09-02 16:00,1
3230,"Penn Station Valet",40.751284,-73.996924,2016-09-02 17:00,2
3230,"Penn Station Valet",40.751284,-73.996924,2016-09-06 6:00,1
3230,"Penn Station Valet",40.751284,-73.996924,2016-09-06 7:00,2
3230,"Penn Station Valet",40.751284,-73.996924,2016-09-06 8:00,2
3230,"Penn Station Valet",40.751284,-73.996924,2016-09-06 16:00,1
3230,"Penn Station Valet",40.751284,-73.996924,2016-09-06 17:00,2
3230,"Penn Station Valet",40.751284,-73.996924,2016-09-06 18:00,1
3230,"Penn Station Valet",40.751284,-73.996924,2016-09-07 6:00,1
3230,"Penn Station Valet",40.751284,-73.996924,2016-09-07 7:00,2
3230,"Penn Station Valet",40.751284,-73.996924,2016-09-07 8:00,2
3230,"Penn Station Valet",40.751284,-73.996924,2016-09-07 16:00,1
3230,"Penn Station Valet",40.751284,-73.996924,2016-09-07 17:00,1
3230,"Penn Station Valet",40.751284,-73.996924,2016-09-07 18:00,1
3232,"Bond St & Fulton St",40.689622,-73.983043,2016-09-02 15:00,1
3232,"Bond St & Fulton St",40.689622,-73.983043,2016-09-06 10:00,1
3232,"Bond St & Fulton St",40.689622,-73.983043,2016-09-07 8:00,1
3232,"Bond St & Fulton St",40.689622,-73.983043,2016-09-07 9:00,1
3233,"E 48 St & 5 Ave",40.757246,-73.978059,2016-09-03 12:00,1
3233,"E 48 St & 5 Ave",40.757246,-73.978059,2016-09-06 7:00,2
3233,"E 48 St & 5 Ave",40.757246,-73.978059,2016-09-06 8:00,2
3233,"E 48 St & 5 Ave",40.757246,-73.978059,2016-09-06 9:00,2
3233,"E 48 St & 5 Ave",40.757246,-73.978059,2016-09-07 7:00,2
3233,"E 48 St & 5 Ave",40.757246,-73.978059,2016-09-07 8:00,1
3233,"E 48 St & 5 Ave",40.757246,-73.978059,2016-09-07 10:00,1
3236,"W 42 St & Dyer Ave",40.758985,-73.9938,2016-09-01 16:00,1
3236,"W 42 St & Dyer Ave",40.758985,-73.9938,2016-09-02 7:00,1
3236,"W 42 St & Dyer Ave",40.758985,-73.9938,2016-09-02 8:00,2
3236,"W 42 St & Dyer Ave",40.758985,-73.9938,2016-09-02 16:00,1
3236,"W 42 St & Dyer Ave",40.758985,-73.9938,2016-09-02 17:00,1
3236,"W 42 St & Dyer Ave",40.758985,-73.9938,2016-09-02 18:00,1
3236,"W 42 St & Dyer Ave",40.758985,-73.9938,2016-09-06 8:00,1
3236,"W 42 St & Dyer Ave",40.758985,-73.9938,2016-09-06 16:00,1
3236,"W 42 St & Dyer Ave",40.758985,-73.9938,2016-09-06 17:00,1
3236,"W 42 St & Dyer Ave",40.758985,-73.9938,2016-09-07 6:00,1
3236,"W 42 St & Dyer Ave",40.758985,-73.9938,2016-09-07 7:00,1
3236,"W 42 St & Dyer Ave",40.758985,-73.9938,2016-09-07 8:00,1
3236,"W 42 St & Dyer Ave",40.758985,-73.9938,2016-09-07 16:00,1
3236,"W 42 St & Dyer Ave",40.758985,-73.9938,2016-09-07 18:00,1
3244,"University Pl & E 8 St",40.731437,-73.994903,2016-09-07 10:00,1
3255,"8 Ave & W 31 St",40.750585,-73.994685,2016-09-02 18:00,1
3255,"8 Ave & W 31 St",40.750585,-73.994685,2016-09-02 19:00,1
3255,"8 Ave & W 31 St",40.750585,-73.994685,2016-09-02 22:00,1
3255,"8 Ave & W 31 St",40.750585,-73.994685,2016-09-03 18:00,1
3255,"8 Ave & W 31 St",40.750585,-73.994685,2016-09-05 17:00,2
3256,"Pier 40 - Hudson River Park",40.727714,-74.011296,2016-09-03 15:00,1
3256,"Pier 40 - Hudson River Park",40.727714,-74.011296,2016-09-04 15:00,1
3256,"Pier 40 - Hudson River Park",40.727714,-74.011296,2016-09-04 19:00,1
3256,"Pier 40 - Hudson River Park",40.727714,-74.011296,2016-09-04 22:00,1
3256,"Pier 40 - Hudson River Park",40.727714,-74.011296,2016-09-05 18:00,1
3260,"Mercer St & Bleecker St",40.727064,-73.996621,2016-09-06 9:00,1
3260,"Mercer St & Bleecker St",40.727064,-73.996621,2016-09-07 9:00,1
3263,"Cooper Square",40.728995,-73.990983,2016-09-02 10:00,1
3263,"Cooper Square",40.728995,-73.990983,2016-09-02 11:00,1
3263,"Cooper Square",40.728995,-73.990983,2016-09-02 21:00,1
3263,"Cooper Square",40.728995,-73.990983,2016-09-02 22:00,1
3263,"Cooper Square",40.728995,-73.990983,2016-09-04 17:00,1
3263,"Cooper Square",40.728995,-73.990983,2016-09-05 7:00,1
3263,"Cooper Square",40.728995,-73.990983,2016-09-05 13:00,2
3263,"Cooper Square",40.728995,-73.990983,2016-09-05 16:00,1
3263,"Cooper Square",40.728995,-73.990983,2016-09-06 15:00,1
3263,"Cooper Square",40.728995,-73.990983,2016-09-06 16:00,1
3263,"Cooper Square",40.728995,-73.990983,2016-09-06 19:00,1
3263,"Cooper Square",40.728995,-73.990983,2016-09-07 23:00,1
3263,"Cooper Square",40.729236,-73.990868,2016-09-02 10:00,1
3263,"Cooper Square",40.729236,-73.990868,2016-09-02 11:00,1
3263,"Cooper Square",40.729236,-73.990868,2016-09-02 21:00,1
3263,"Cooper Square",40.729236,-73.990868,2016-09-02 22:00,1
3263,"Cooper Square",40.729236,-73.990868,2016-09-04 17:00,1
3263,"Cooper Square",40.729236,-73.990868,2016-09-05 7:00,1
3263,"Cooper Square",40.729236,-73.990868,2016-09-05 13:00,2
3263,"Cooper Square",40.729236,-73.990868,2016-09-05 16:00,1
3263,"Cooper Square",40.729236,-73.990868,2016-09-06 15:00,1
3263,"Cooper Square",40.729236,-73.990868,2016-09-06 16:00,1
3263,"Cooper Square",40.729236,-73.990868,2016-09-06 19:00,1
3263,"Cooper Square",40.729236,-73.990868,2016-09-07 23:00,1
3265,"E 2 St & 2 Ave",40.724563,-73.989444,2016-09-07 21:00,1
3282,"5 Ave & E 88 St",40.78307,-73.95939,2016-09-05 16:00,1
3282,"5 Ave & E 88 St",40.78307,-73.95939,2016-09-05 18:00,1
3291,"Riverside Dr & W 91 St",40.793372,-73.976851,2016-09-02 17:00,1
3291,"Riverside Dr & W 91 St",40.793372,-73.976851,2016-09-02 18:00,1
3291,"Riverside Dr & W 91 St",40.793372,-73.976851,2016-09-03 15:00,1
3291,"Riverside Dr & W 91 St",40.793372,-73.976851,2016-09-03 16:00,1
3291,"Riverside Dr & W 91 St",40.793372,-73.976851,2016-09-04 11:00,1
3291,"Riverside Dr & W 91 St",40.793372,-73.976851,2016-09-04 12:00,1
3291,"Riverside Dr & W 91 St",40.793372,-73.976851,2016-09-04 13:00,2
3291,"Riverside Dr & W 91 St",40.793372,-73.976851,2016-09-04 14:00,1
3291,"Riverside Dr & W 91 St",40.793372,-73.976851,2016-09-04 16:00,1
3291,"Riverside Dr & W 91 St",40.793372,-73.976851,2016-09-04 17:00,1
3291,"Riverside Dr & W 91 St",40.793372,-73.976851,2016-09-04 19:00,1
3292,"5 Ave & E 93 St",40.785785,-73.957481,2016-09-06 18:00,1
3292,"5 Ave & E 93 St",40.785785,-73.957481,2016-09-07 8:00,1
3300,"Prospect Park West & 8 St",40.665147,-73.976376,2016-09-04 13:00,1
3316,"W 104 St & Amsterdam Ave",40.798994,-73.966217,2016-09-04 16:00,1
3320,"Central Park West & W 100 St",40.793393,-73.963556,2016-09-01 16:00,1
3320,"Central Park West & W 100 St",40.793393,-73.963556,2016-09-02 13:00,1
3325,"E 95 St & 3 Ave",40.784903,-73.950503,2016-09-07 6:00,1
3325,"E 95 St & 3 Ave",40.784903,-73.950503,2016-09-07 7:00,1
3329,"Degraw St & Smith St",40.682915,-73.993182,2016-09-06 17:00,1
3331,"Riverside Dr & W 104 St",40.801343,-73.971146,2016-09-01 16:00,1
3335,"Union St & 4 Ave",40.677274,-73.98282,2016-09-01 16:00,1
3341,"Central Park West & W 102 St",40.795346,-73.96186,2016-09-01 20:00,1
3341,"Central Park West & W 102 St",40.795346,-73.96186,2016-09-02 11:00,1
3347,"Van Brunt St & Wolcott St",40.677343,-74.012751,2016-09-03 16:00,1
3353,"Reed St & Van Brunt St",40.674784,-74.016128,2016-09-02 20:00,1
3357,"W 106 St & Amsterdam Ave",40.800836,-73.966449,2016-09-04 16:00,1
3373,"3 St & 3 Ave",40.67507,-73.987752,2016-09-01 16:00,1
3373,"3 St & 3 Ave",40.67507,-73.987752,2016-09-06 18:00,1
3374,"Central Park North & Adam Clayton Powell Blvd",40.799484,-73.955613,2016-09-01 19:00,1
3374,"Central Park North & Adam Clayton Powell Blvd",40.799484,-73.955613,2016-09-02 13:00,1
3374,"Central Park North & Adam Clayton Powell Blvd",40.799484,-73.955613,2016-09-05 11:00,2
3402,"Court St & State St",40.690238,-73.992031,2016-09-05 9:00,1
